<!--Generated from HL7v3 MCCI_IN200101 instance with: <id extension="3287905421" root="2.16.840.1.113883.2.4.6.6"/>-->
<adaxml xmlns:xsi="http://www.w3.org/2001/XMLSchema-instance"
        xsi:noNamespaceSchemaLocation="../ada_schemas/ada_allergyintolerances_response.xsd">
   <meta status="new"
         created-by="generated"
         last-update-by="generated"
         creation-date="2024-03-08T09:49:25.711309+01:00"
         last-update-date="2024-03-08T09:49:25.711309+01:00"/>
   <data>
      <allergyintolerances_response app="ketenzorg3.0"
                                    shortName="allergyintolerances_response"
                                    formName="allergyintolerances_response"
                                    transactionRef="2.16.840.1.113883.2.4.3.11.60.66.4.535"
                                    transactionEffectiveDate="2018-04-13T00:00:00"
                                    versionDate=""
                                    prefix="kz-"
                                    language="en-US"
                                    title="Generated Through Conversion"
                                    id="c450c1ce-dd28-11ee-4478-020000000000">
         <bundle>
            <type code="48765-2"
                  codeSystem="2.16.840.1.113883.6.1"
                  codeSystemName="LOINC"
                  displayName="Allergies and/or adverse reactions"/>
            <status code="completed"
                    codeSystem="2.16.840.1.113883.5.14"
                    displayName="completed"/>
            <custodian>
               <healthcare_provider>
                  <healthcare_provider_identification_number value="00067045" root="2.16.528.1.1007.3.3"/>
                  <organization_name value="Drs J.W. den Biggelaar"/>
               </healthcare_provider>
            </custodian>
            <subject>
               <patient>
                  <name_information>
                     <name_usage code="NL1"
                                 codeSystem="2.16.840.1.113883.2.4.3.11.60.101.5.4"
                                 displayName="Eigen geslachtsnaam"/>
                     <last_name>
                        <prefix value="van "/>
                        <last_name value="Anoniempje"/>
                     </last_name>
                  </name_information>
                  <address_information>
                     <street value="Teststraat"/>
                     <house_number value="3"/>
                     <postcode value="1234 AB"/>
                     <place_of_residence value="Veghel"/>
                     <address_type code="HP"
                                   codeSystem="2.16.840.1.113883.5.1119"
                                   displayName="Primary Home"/>
                  </address_information>
                  <contact_information>
                     <telephone_numbers>
                        <telephone_number value="0123-123456"/>
                        <telecom_type code="UNK"
                                      codeSystem="2.16.840.1.113883.5.1008"
                                      displayName="unknown"/>
                     </telephone_numbers>
                  </contact_information>
                  <patient_identification_number value="123456782" root="2.16.840.1.113883.2.4.6.3"/>
                  <date_of_birth value="2000-01-01"/>
                  <gender code="M" codeSystem="2.16.840.1.113883.5.1" displayName="Male"/>
               </patient>
            </subject>
         </bundle>
         <allergy_intolerance>
            <hcimroot>
               <identification_number value="3306010885055"
                                      root="2.16.840.1.113883.2.4.3.39.6101.51732.10003466.17"/>
            </hcimroot>
            <causative_agent code="1088505"
                             codeSystem="2.16.840.1.113883.2.4.4.7"
                             displayName="VENTOLIN  100 AER CFKVR 100MCG/DO SPBS 200DO+INHAL"/>
            <allergy_category code="419511003"
                              codeSystem="2.16.840.1.113883.6.96"
                              displayName="Propensity to adverse reactions to drug"/>
            <allergy_status code="active"
                            codeSystem="2.16.840.1.113883.5.14"
                            displayName="active"/>
            <start_date_time value="2011-08-16"/>
         </allergy_intolerance>
         <allergy_intolerance>
            <hcimroot>
               <identification_number value="0000593307014888565"
                                      root="2.16.840.1.113883.2.4.3.39.6101.51732.10003466.17"/>
            </hcimroot>
            <causative_agent code="1488856"
                             codeSystem="2.16.840.1.113883.2.4.4.7"
                             displayName="ATROVENT AEROSOL 20MCG/DO SPBS 200DO + INHALATOR"/>
            <allergy_category code="419511003"
                              codeSystem="2.16.840.1.113883.6.96"
                              displayName="Propensity to adverse reactions to drug"/>
            <allergy_status code="active"
                            codeSystem="2.16.840.1.113883.5.14"
                            displayName="active"/>
            <start_date_time value="2011-08-16"/>
         </allergy_intolerance>
      </allergyintolerances_response>
   </data>
</adaxml>
