<!--Generated from HL7v3 MCCI_IN200101 instance with: <id extension="750729" root="2.16.840.1.113883.2.4.6.6"/>-->
<adaxml xmlns:xsi="http://www.w3.org/2001/XMLSchema-instance"
        xsi:noNamespaceSchemaLocation="../ada_schemas/ada_episodes_response.xsd">
   <meta status="new"
         created-by="generated"
         last-update-by="generated"
         creation-date="2024-03-08T09:49:25.849396+01:00"
         last-update-date="2024-03-08T09:49:25.849396+01:00"/>
   <data>
      <episodes_response app="ketenzorg3.0"
                         shortName="episodes_response"
                         formName="episodes_response"
                         transactionRef="2.16.840.1.113883.2.4.3.11.60.66.4.529"
                         transactionEffectiveDate="2018-04-13T00:00:00"
                         versionDate=""
                         prefix="kz-"
                         language="en-US"
                         title="Generated Through Conversion"
                         id="c465c030-dd28-11ee-7252-020000000000">
         <bundle>
            <type code="75310-3"
                  codeSystem="2.16.840.1.113883.6.1"
                  codeSystemName="LOINC"
                  displayName="Health concerns"/>
            <status code="completed"
                    codeSystem="2.16.840.1.113883.5.14"
                    displayName="completed"/>
            <custodian>
               <healthcare_provider>
                  <healthcare_provider_identification_number value="00002727" root="2.16.528.1.1007.3.3"/>
                  <organization_name value="Gezondheidscentrum Aesculaap"/>
               </healthcare_provider>
            </custodian>
            <subject>
               <patient>
                  <name_information>
                     <initials value="H."/>
                     <name_usage code="NL1"
                                 codeSystem="2.16.840.1.113883.2.4.3.11.60.101.5.4"
                                 displayName="Eigen geslachtsnaam"/>
                     <last_name>
                        <last_name value="XXX_Mulders"/>
                     </last_name>
                  </name_information>
                  <address_information>
                     <street value="Knolweg"/>
                     <house_number value="1003"/>
                     <postcode value="9999 ZA"/>
                     <place_of_residence value="STITSWERD"/>
                     <country code="NL" codeSystem="1.0.3166.1.2.2" displayName="Nederland"/>
                  </address_information>
                  <patient_identification_number value="900184590" root="2.16.840.1.113883.2.4.6.3"/>
                  <date_of_birth value="1985-12-30"/>
                  <gender code="M" codeSystem="2.16.840.1.113883.5.1"/>
               </patient>
            </subject>
         </bundle>
         <episode>
            <identifier value="MedMijHG-concern-S74.01" root="2.16.840.1.113883.2.4.3.111.19.1"/>
            <episode_title value="Tinea Pedis"/>
            <status code="active"
                    codeSystem="2.16.840.1.113883.5.14"
                    displayName="active"/>
            <start_date value="1900-01-01T00:40:00"/>
            <problem>
               <hcimroot>
                  <identification_number value="MedMijHG-concern-S74.01-diagnose"
                                         root="2.16.840.1.113883.2.4.3.111.19.1"/>
               </hcimroot>
               <problem_type value="1"
                             code="282291009"
                             codeSystem="2.16.840.1.113883.6.96"
                             displayName="Diagnosis"/>
               <problem_name code="S74.01"
                             codeSystem="2.16.840.1.113883.2.4.4.31.1"
                             displayName="Tinea Pedis"/>
               <problem_start_date value="2019-09-24T14:12:29"/>
               <problem_status value="1"
                               code="55561003"
                               codeSystem="2.16.840.1.113883.6.96"
                               displayName="Active"/>
            </problem>
         </episode>
      </episodes_response>
   </data>
</adaxml>
