<?xml version="1.0" encoding="UTF-8"?>
<!--Generated from HL7v3 QUMA_IN991203NL02 instance with: <id extension="0075576002" root="2.16.840.1.113883.2.4.6.6.134.1"/>-->
<adaxml xmlns:xsi="http://www.w3.org/2001/XMLSchema-instance"
        xsi:noNamespaceSchemaLocation="../ada_schemas/ada_beschikbaarstellen_medicatieafspraken.xsd">
   <meta status="new"
         created-by="generated"
         last-update-by="generated"
         creation-date="2024-03-08T09:49:27.065739+01:00"
         last-update-date="2024-03-08T09:49:27.065739+01:00"/>
   <data>
      <beschikbaarstellen_medicatieafspraken app="ketenzorg3.0"
                                             shortName="beschikbaarstellen_medicatieafspraken"
                                             formName="beschikbaarstellen_medicatieafspraken"
                                             transactionRef="2.16.840.1.113883.2.4.3.11.60.66.4.523"
                                             transactionEffectiveDate="2018-04-13T00:00:00"
                                             versionDate=""
                                             prefix="kz-"
                                             language="nl-NL"
                                             title="Generated Through Conversion"
                                             id="c51f6757-dd28-11ee-1965-020000000000">
         <patient>
            <naamgegevens>
               <voornamen value="Joris"/>
               <naamgebruik code="UNK"
                            codeSystem="2.16.840.1.113883.5.1008"
                            displayName="Unknown"/>
               <geslachtsnaam>
                  <achternaam value="Hansman"/>
               </geslachtsnaam>
            </naamgegevens>
            <identificatienummer value="012345672" root="2.16.840.1.113883.2.4.6.3"/>
            <geboortedatum value="1984-05-12"/>
            <geslacht code="M" codeSystem="2.16.840.1.113883.5.1"/>
         </patient>
         <medicamenteuze_behandeling>
            <identificatie value="MB.01h" root="2.16.840.1.113883.2.4.3.11.999.77.1.1"/>
            <medicatieafspraak>
               <gebruiksperiode_start value="2017-06-12"/>
               <gebruiksperiode_eind nullFlavor="NI"/>
               <identificatie value="MB.01h-MA.01"
                              root="2.16.840.1.113883.2.4.3.11.999.77.16076005.1"/>
               <afspraakdatum value="2016-06-23T16:54:23"/>
               <voorschrijver>
                  <zorgverlener>
                     <zorgverlener_identificatienummer value="012345678" root="2.16.528.1.1007.3.1"/>
                     <naamgegevens>
                        <naamgegevens>
                           <ongestructureerde_naam value="Dr Jansen"/>
                           <geslachtsnaam>
                              <achternaam nullFlavor="NI"/>
                           </geslachtsnaam>
                        </naamgegevens>
                     </naamgegevens>
                     <specialisme code="01.016"
                                  codeSystem="2.16.840.1.113883.2.4.15.111"
                                  codeSystemName="RoleCodeNL - zorgverlenertype (natuurlijke personen)"
                                  displayName="Internist"/>
                     <zorgaanbieder>
                        <zorgaanbieder_identificatienummer value="URAnummer" root="1.2.3.4"/>
                        <organisatie_naam value="Ziekenhuis zus en zo"/>
                        <adresgegevens>
                           <straat value="Dorpsstraat"/>
                           <huisnummer value="10"/>
                           <postcode value="1111 AA"/>
                           <woonplaats value="Ons Dorp"/>
                           <adres_soort code="WP"
                                        codeSystem="2.16.840.1.113883.5.1119"
                                        displayName="Werkadres"/>
                        </adresgegevens>
                     </zorgaanbieder>
                  </zorgverlener>
               </voorschrijver>
               <afgesproken_geneesmiddel>
                  <product>
                     <product_code code="6939"
                                   codeSystem="2.16.840.1.113883.2.4.4.10"
                                   codeSystemName="G-Standaard PRK"
                                   displayName="Metoclopramide zetpil 20mg"/>
                     <product_code code="63630"
                                   codeSystem="2.16.840.1.113883.2.4.4.1"
                                   codeSystemName="G-Standaard GPK"
                                   displayName="METOCLOPRAMIDE ZETPIL 20MG"/>
                  </product>
               </afgesproken_geneesmiddel>
               <gebruiksinstructie>
                  <omschrijving value="Vanaf 12 juni 2017, tot nader order, 1 maal daags 1 stuk"/>
                  <toedieningsweg code="12"
                                  codeSystem="2.16.840.1.113883.2.4.4.9"
                                  codeSystemName="G-Standaard tabel voor toedieningswegen: subtabel 0007"
                                  displayName="rectaal"/>
                  <doseerinstructie>
                     <volgnummer value="1"/>
                     <dosering>
                        <keerdosis>
                           <aantal>
                              <vaste_waarde value="1"/>
                           </aantal>
                           <eenheid code="245"
                                    codeSystem="2.16.840.1.113883.2.4.4.1.900.2"
                                    displayName="stuk"/>
                        </keerdosis>
                        <toedieningsschema>
                           <frequentie>
                              <aantal>
                                 <vaste_waarde value="1"/>
                              </aantal>
                              <tijdseenheid value="1" unit="dag"/>
                           </frequentie>
                        </toedieningsschema>
                        <zo_nodig>
                           <criterium>
                              <code code="1137"
                                    displayName="zo nodig"
                                    codeSystem="2.16.840.1.113883.2.4.4.5"/>
                           </criterium>
                        </zo_nodig>
                     </dosering>
                  </doseerinstructie>
               </gebruiksinstructie>
            </medicatieafspraak>
         </medicamenteuze_behandeling>
      </beschikbaarstellen_medicatieafspraken>
   </data>
</adaxml>
