<?xml-model href="http://hl7.org/fhir/STU3/bundle.sch" type="application/xml" schematypens="http://purl.oclc.org/dsdl/schematron"?><Bundle xmlns="http://hl7.org/fhir"
        xmlns:xsi="http://www.w3.org/2001/XMLSchema-instance"
        xsi:schemaLocation="http://hl7.org/fhir http://hl7.org/fhir/STU3/fhir-all.xsd">
   <id value="05eb3c3a-621b-11ee-7891-020000000000"/>
   <type value="searchset"/>
   <total value="4"/>
   <link>
      <relation value="self"/>
      <url value="http://dummy.nictiz.nl/dummyquery"/>
   </link>
   <entry>
      <fullUrl value="https://example.org/fhir/AllergyIntolerance/66935281-de15-4033-9be4-a4127812dd95"/>
      <resource>
         <AllergyIntolerance>
            <meta>
               <profile value="http://nictiz.nl/fhir/StructureDefinition/zib-AllergyIntolerance"/>
            </meta>
            <text>
               <status value="extensions"/>
               <div xmlns="http://www.w3.org/1999/xhtml">
                  <table>
                     <caption>Allergie/intolerantie. Patiënt: L XXX_Charan. Id: 66935281-de15-4033-9be4-a4127812dd95 (urn:oid:2.16.528.1.1007.3.3.765332.1.12), Categorie: <span title="allergie voor substantie (419199007 - SNOMED CT)">allergie voor substantie</span>, Status: actief / bevestigd</caption>
                     <tbody>
                        <tr>
                           <th>Code</th>
                           <td>Amoxicilline, opmerking: via neuroloog</td>
                        </tr>
                        <tr>
                           <th>Eerste symptomen</th>
                           <td>11:58:34, 20 november 2018</td>
                        </tr>
                     </tbody>
                  </table>
               </div>
            </text>
            <identifier>
               <system value="urn:oid:2.16.528.1.1007.3.3.765332.1.12"/>
               <value value="66935281-de15-4033-9be4-a4127812dd95"/>
            </identifier>
            <clinicalStatus value="active">
               <extension url="http://nictiz.nl/fhir/StructureDefinition/code-specification">
                  <valueCodeableConcept>
                     <coding>
                        <system value="http://hl7.org/fhir/v3/ActStatus"/>
                        <code value="active"/>
                        <display value="active"/>
                     </coding>
                  </valueCodeableConcept>
               </extension>
            </clinicalStatus>
            <verificationStatus value="confirmed"/>
            <category value="biologic">
               <extension url="http://nictiz.nl/fhir/StructureDefinition/code-specification">
                  <valueCodeableConcept>
                     <coding>
                        <system value="http://snomed.info/sct"/>
                        <code value="419199007"/>
                        <display value="allergie voor substantie"/>
                     </coding>
                  </valueCodeableConcept>
               </extension>
            </category>
            <code>
               <extension url="http://hl7.org/fhir/StructureDefinition/iso21090-nullFlavor">
                  <valueCode value="OTH"/>
               </extension>
               <text value="Amoxicilline, opmerking: via neuroloog"/>
            </code>
            <patient>
               <reference value="urn:uuid:05eb436c-621b-11ee-7891-020000000000"/>
               <display value="L XXX_Charan"/>
            </patient>
            <onsetDateTime value="2018-11-20T11:58:34+01:00"/>
         </AllergyIntolerance>
      </resource>
      <search>
         <mode value="match"/>
      </search>
   </entry>
   <entry>
      <fullUrl value="https://example.org/fhir/AllergyIntolerance/66935281-de15-4033-9be4-a4127812dd95"/>
      <resource>
         <AllergyIntolerance>
            <meta>
               <profile value="http://nictiz.nl/fhir/StructureDefinition/zib-AllergyIntolerance"/>
            </meta>
            <text>
               <status value="extensions"/>
               <div xmlns="http://www.w3.org/1999/xhtml">
                  <table>
                     <caption>Allergie/intolerantie. Patiënt: L XXX_Charan. Id: 66935281-de15-4033-9be4-a4127812dd95 (urn:oid:2.16.528.1.1007.3.3.765332.1.12), Categorie: <span title="allergie voor substantie (419199007 - SNOMED CT)">allergie voor substantie</span>, Status: actief / bevestigd</caption>
                     <tbody>
                        <tr>
                           <th>Code</th>
                           <td>Amoxicilline, opmerking: via neuroloog</td>
                        </tr>
                        <tr>
                           <th>Eerste symptomen</th>
                           <td>11:58:34, 20 november 2018</td>
                        </tr>
                     </tbody>
                  </table>
               </div>
            </text>
            <identifier>
               <system value="urn:oid:2.16.528.1.1007.3.3.765332.1.12"/>
               <value value="66935281-de15-4033-9be4-a4127812dd95"/>
            </identifier>
            <clinicalStatus value="active">
               <extension url="http://nictiz.nl/fhir/StructureDefinition/code-specification">
                  <valueCodeableConcept>
                     <coding>
                        <system value="http://hl7.org/fhir/v3/ActStatus"/>
                        <code value="active"/>
                        <display value="active"/>
                     </coding>
                  </valueCodeableConcept>
               </extension>
            </clinicalStatus>
            <verificationStatus value="confirmed"/>
            <category value="biologic">
               <extension url="http://nictiz.nl/fhir/StructureDefinition/code-specification">
                  <valueCodeableConcept>
                     <coding>
                        <system value="http://snomed.info/sct"/>
                        <code value="419199007"/>
                        <display value="allergie voor substantie"/>
                     </coding>
                  </valueCodeableConcept>
               </extension>
            </category>
            <code>
               <extension url="http://hl7.org/fhir/StructureDefinition/iso21090-nullFlavor">
                  <valueCode value="OTH"/>
               </extension>
               <text value="Amoxicilline, opmerking: via neuroloog"/>
            </code>
            <patient>
               <reference value="urn:uuid:05eb436c-621b-11ee-7891-020000000000"/>
               <display value="L XXX_Charan"/>
            </patient>
            <onsetDateTime value="2018-11-20T11:58:34+01:00"/>
         </AllergyIntolerance>
      </resource>
      <search>
         <mode value="match"/>
      </search>
   </entry>
   <entry>
      <fullUrl value="https://example.org/fhir/AllergyIntolerance/66935281-de15-4033-9be4-a4127812dd95"/>
      <resource>
         <AllergyIntolerance>
            <meta>
               <profile value="http://nictiz.nl/fhir/StructureDefinition/zib-AllergyIntolerance"/>
            </meta>
            <text>
               <status value="extensions"/>
               <div xmlns="http://www.w3.org/1999/xhtml">
                  <table>
                     <caption>Allergie/intolerantie. Patiënt: L XXX_Charan. Id: 66935281-de15-4033-9be4-a4127812dd95 (urn:oid:2.16.528.1.1007.3.3.765332.1.12), Categorie: <span title="allergie voor substantie (419199007 - SNOMED CT)">allergie voor substantie</span>, Status: actief / bevestigd</caption>
                     <tbody>
                        <tr>
                           <th>Code</th>
                           <td>Amoxicilline, opmerking: via neuroloog</td>
                        </tr>
                        <tr>
                           <th>Eerste symptomen</th>
                           <td>11:58:34, 20 november 2018</td>
                        </tr>
                     </tbody>
                  </table>
               </div>
            </text>
            <identifier>
               <system value="urn:oid:2.16.528.1.1007.3.3.765332.1.12"/>
               <value value="66935281-de15-4033-9be4-a4127812dd95"/>
            </identifier>
            <clinicalStatus value="active">
               <extension url="http://nictiz.nl/fhir/StructureDefinition/code-specification">
                  <valueCodeableConcept>
                     <coding>
                        <system value="http://hl7.org/fhir/v3/ActStatus"/>
                        <code value="active"/>
                        <display value="active"/>
                     </coding>
                  </valueCodeableConcept>
               </extension>
            </clinicalStatus>
            <verificationStatus value="confirmed"/>
            <category value="biologic">
               <extension url="http://nictiz.nl/fhir/StructureDefinition/code-specification">
                  <valueCodeableConcept>
                     <coding>
                        <system value="http://snomed.info/sct"/>
                        <code value="419199007"/>
                        <display value="allergie voor substantie"/>
                     </coding>
                  </valueCodeableConcept>
               </extension>
            </category>
            <code>
               <extension url="http://hl7.org/fhir/StructureDefinition/iso21090-nullFlavor">
                  <valueCode value="OTH"/>
               </extension>
               <text value="Amoxicilline, opmerking: via neuroloog"/>
            </code>
            <patient>
               <reference value="urn:uuid:05eb436c-621b-11ee-7891-020000000000"/>
               <display value="L XXX_Charan"/>
            </patient>
            <onsetDateTime value="2018-11-20T11:58:34+01:00"/>
         </AllergyIntolerance>
      </resource>
      <search>
         <mode value="match"/>
      </search>
   </entry>
   <entry>
      <fullUrl value="https://example.org/fhir/AllergyIntolerance/66935281-de15-4033-9be4-a4127812dd95"/>
      <resource>
         <AllergyIntolerance>
            <meta>
               <profile value="http://nictiz.nl/fhir/StructureDefinition/zib-AllergyIntolerance"/>
            </meta>
            <text>
               <status value="extensions"/>
               <div xmlns="http://www.w3.org/1999/xhtml">
                  <table>
                     <caption>Allergie/intolerantie. Patiënt: L XXX_Charan. Id: 66935281-de15-4033-9be4-a4127812dd95 (urn:oid:2.16.528.1.1007.3.3.765332.1.12), Categorie: <span title="allergie voor substantie (419199007 - SNOMED CT)">allergie voor substantie</span>, Status: actief / bevestigd</caption>
                     <tbody>
                        <tr>
                           <th>Code</th>
                           <td>Amoxicilline, opmerking: via neuroloog</td>
                        </tr>
                        <tr>
                           <th>Eerste symptomen</th>
                           <td>11:58:34, 20 november 2018</td>
                        </tr>
                     </tbody>
                  </table>
               </div>
            </text>
            <identifier>
               <system value="urn:oid:2.16.528.1.1007.3.3.765332.1.12"/>
               <value value="66935281-de15-4033-9be4-a4127812dd95"/>
            </identifier>
            <clinicalStatus value="active">
               <extension url="http://nictiz.nl/fhir/StructureDefinition/code-specification">
                  <valueCodeableConcept>
                     <coding>
                        <system value="http://hl7.org/fhir/v3/ActStatus"/>
                        <code value="active"/>
                        <display value="active"/>
                     </coding>
                  </valueCodeableConcept>
               </extension>
            </clinicalStatus>
            <verificationStatus value="confirmed"/>
            <category value="biologic">
               <extension url="http://nictiz.nl/fhir/StructureDefinition/code-specification">
                  <valueCodeableConcept>
                     <coding>
                        <system value="http://snomed.info/sct"/>
                        <code value="419199007"/>
                        <display value="allergie voor substantie"/>
                     </coding>
                  </valueCodeableConcept>
               </extension>
            </category>
            <code>
               <extension url="http://hl7.org/fhir/StructureDefinition/iso21090-nullFlavor">
                  <valueCode value="OTH"/>
               </extension>
               <text value="Amoxicilline, opmerking: via neuroloog"/>
            </code>
            <patient>
               <reference value="urn:uuid:05eb436c-621b-11ee-7891-020000000000"/>
               <display value="L XXX_Charan"/>
            </patient>
            <onsetDateTime value="2018-11-20T11:58:34+01:00"/>
         </AllergyIntolerance>
      </resource>
      <search>
         <mode value="match"/>
      </search>
   </entry>
   <entry>
      <fullUrl value="urn:uuid:05eb436c-621b-11ee-7891-020000000000"/>
      <resource>
         <Patient>
            <meta>
               <profile value="http://fhir.nl/fhir/StructureDefinition/nl-core-patient"/>
            </meta>
            <text>
               <status value="extensions"/>
               <div xmlns="http://www.w3.org/1999/xhtml">
                  <div>Id <i>afgeschermd (ontbrekend gegeven)</i> (BSN), <span title="Naamsamenstelling: Onbekend">L XXX_Charan</span>, Man</div>
               </div>
            </text>
            <identifier>
               <system value="http://fhir.nl/fhir/NamingSystem/bsn"/>
               <value>
                  <extension url="http://hl7.org/fhir/StructureDefinition/data-absent-reason">
                     <valueCode value="masked"/>
                  </extension>
               </value>
            </identifier>
            <name>
               <extension url="http://hl7.org/fhir/StructureDefinition/humanname-assembly-order">
                  <valueCode value="UNK"/>
               </extension>
               <family value="XXX_Charan">
                  <extension url="http://hl7.org/fhir/StructureDefinition/humanname-own-name">
                     <valueString value="XXX_Charan"/>
                  </extension>
               </family>
               <given value="L">
                  <extension url="http://hl7.org/fhir/StructureDefinition/iso21090-EN-qualifier">
                     <valueCode value="BR"/>
                  </extension>
               </given>
            </name>
            <gender value="male">
               <extension url="http://nictiz.nl/fhir/StructureDefinition/code-specification">
                  <valueCodeableConcept>
                     <coding>
                        <system value="http://hl7.org/fhir/v3/AdministrativeGender"/>
                        <code value="M"/>
                        <display value="man"/>
                     </coding>
                  </valueCodeableConcept>
               </extension>
            </gender>
         </Patient>
      </resource>
      <search>
         <mode value="include"/>
      </search>
   </entry>
   <entry>
      <fullUrl value="https://example.org/fhir/Organization/2.16.528.1.1007.3.3-00002727"/>
      <resource>
         <Organization>
            <id value="2.16.528.1.1007.3.3-00002727"/>
            <meta>
               <profile value="http://fhir.nl/fhir/StructureDefinition/nl-core-organization"/>
            </meta>
            <text>
               <status value="extensions"/>
               <div xmlns="http://www.w3.org/1999/xhtml">
                  <table>
                     <caption>Organisatie. Id: 00002727 (URA)</caption>
                     <tbody>
                        <tr>
                           <th>Naam</th>
                           <td>VZVZ Simulator 70000003</td>
                        </tr>
                     </tbody>
                  </table>
               </div>
            </text>
            <identifier>
               <system value="http://fhir.nl/fhir/NamingSystem/ura"/>
               <value value="00002727"/>
            </identifier>
            <name value="VZVZ Simulator 70000003"/>
         </Organization>
      </resource>
      <search>
         <mode value="include"/>
      </search>
   </entry>
</Bundle>
