<?xml-model href="http://hl7.org/fhir/STU3/bundle.sch" type="application/xml" schematypens="http://purl.oclc.org/dsdl/schematron"?>
<Bundle xsi:schemaLocation="http://hl7.org/fhir http://hl7.org/fhir/STU3/fhir-all.xsd"
        xmlns:xsi="http://www.w3.org/2001/XMLSchema-instance"
        xmlns="http://hl7.org/fhir">
   <id value="06b3d5ea-dd2d-11ee-7550-020000000000"/>
   <type value="searchset"/>
   <total value="2"/>
   <link>
      <relation value="self"/>
      <url value="http://dummy.nictiz.nl/dummyquery"/>
   </link>
   <entry>
      <fullUrl value="https://example.org/fhir/AllergyIntolerance/2.16.840.1.113883.2.4.3.39.6101.51732.10003466.17-3306010885055"/>
      <resource>
         <AllergyIntolerance>
            <meta>
               <profile value="http://nictiz.nl/fhir/StructureDefinition/zib-AllergyIntolerance"/>
            </meta>
            <text>
               <status value="extensions"/>
               <div xmlns="http://www.w3.org/1999/xhtml">
                  <table>
                     <caption>Allergie/intolerantie. Patiënt: van Anoniempje. Id: 3306010885055 (urn:oid:2.16.840.1.113883.2.4.3.39.6101.51732.10003466.17), Categorie: 
<span title="neiging tot ongewenste reactie op medicatie en/of drug (419511003 - SNOMED CT)">neiging tot ongewenste reactie op medicatie en/of drug</span>, Status: actief / bevestigd</caption>
                     <tbody>
                        <tr>
                           <th>Code</th>
                           <td>
                              <span title="VENTOLIN  100 AER CFKVR 100MCG/DO SPBS 200DO+INHAL (1088505 - G-Standaard HPK)">VENTOLIN  100 AER CFKVR 100MCG/DO SPBS 200DO+INHAL</span>
                           </td>
                        </tr>
                        <tr>
                           <th>Eerste symptomen</th>
                           <td>16 augustus 2011</td>
                        </tr>
                     </tbody>
                  </table>
               </div>
            </text>
            <identifier>
               <system value="urn:oid:2.16.840.1.113883.2.4.3.39.6101.51732.10003466.17"/>
               <value value="3306010885055"/>
            </identifier>
            <clinicalStatus value="active">
               <extension url="http://nictiz.nl/fhir/StructureDefinition/code-specification">
                  <valueCodeableConcept>
                     <coding>
                        <system value="http://hl7.org/fhir/v3/ActStatus"/>
                        <code value="active"/>
                        <display value="active"/>
                     </coding>
                  </valueCodeableConcept>
               </extension>
            </clinicalStatus>
            <verificationStatus value="confirmed"/>
            <category value="medication">
               <extension url="http://nictiz.nl/fhir/StructureDefinition/code-specification">
                  <valueCodeableConcept>
                     <coding>
                        <system value="http://snomed.info/sct"/>
                        <code value="419511003"/>
                        <display value="neiging tot ongewenste reactie op medicatie en/of drug"/>
                     </coding>
                  </valueCodeableConcept>
               </extension>
            </category>
            <code>
               <coding>
                  <system value="urn:oid:2.16.840.1.113883.2.4.4.7"/>
                  <code value="1088505"/>
                  <display value="VENTOLIN  100 AER CFKVR 100MCG/DO SPBS 200DO+INHAL"/>
               </coding>
            </code>
            <patient>
               <reference value="urn:uuid:06b3e68a-dd2d-11ee-7550-020000000000"/>
               <display value="van Anoniempje"/>
            </patient>
            <onsetDateTime value="2011-08-16"/>
         </AllergyIntolerance>
      </resource>
      <search>
         <mode value="match"/>
      </search>
   </entry>
   <entry>
      <fullUrl value="urn:oid:2.16.840.1.113883.2.4.3.39.6101.51732.10003466.17.593307014888565"/>
      <resource>
         <AllergyIntolerance>
            <meta>
               <profile value="http://nictiz.nl/fhir/StructureDefinition/zib-AllergyIntolerance"/>
            </meta>
            <text>
               <status value="extensions"/>
               <div xmlns="http://www.w3.org/1999/xhtml">
                  <table>
                     <caption>Allergie/intolerantie. Patiënt: van Anoniempje. Id: 0000593307014888565 (urn:oid:2.16.840.1.113883.2.4.3.39.6101.51732.10003466.17), Categorie: 
<span title="neiging tot ongewenste reactie op medicatie en/of drug (419511003 - SNOMED CT)">neiging tot ongewenste reactie op medicatie en/of drug</span>, Status: actief / bevestigd</caption>
                     <tbody>
                        <tr>
                           <th>Code</th>
                           <td>
                              <span title="ATROVENT AEROSOL 20MCG/DO SPBS 200DO + INHALATOR (1488856 - G-Standaard HPK)">ATROVENT AEROSOL 20MCG/DO SPBS 200DO + INHALATOR</span>
                           </td>
                        </tr>
                        <tr>
                           <th>Eerste symptomen</th>
                           <td>16 augustus 2011</td>
                        </tr>
                     </tbody>
                  </table>
               </div>
            </text>
            <identifier>
               <system value="urn:oid:2.16.840.1.113883.2.4.3.39.6101.51732.10003466.17"/>
               <value value="0000593307014888565"/>
            </identifier>
            <clinicalStatus value="active">
               <extension url="http://nictiz.nl/fhir/StructureDefinition/code-specification">
                  <valueCodeableConcept>
                     <coding>
                        <system value="http://hl7.org/fhir/v3/ActStatus"/>
                        <code value="active"/>
                        <display value="active"/>
                     </coding>
                  </valueCodeableConcept>
               </extension>
            </clinicalStatus>
            <verificationStatus value="confirmed"/>
            <category value="medication">
               <extension url="http://nictiz.nl/fhir/StructureDefinition/code-specification">
                  <valueCodeableConcept>
                     <coding>
                        <system value="http://snomed.info/sct"/>
                        <code value="419511003"/>
                        <display value="neiging tot ongewenste reactie op medicatie en/of drug"/>
                     </coding>
                  </valueCodeableConcept>
               </extension>
            </category>
            <code>
               <coding>
                  <system value="urn:oid:2.16.840.1.113883.2.4.4.7"/>
                  <code value="1488856"/>
                  <display value="ATROVENT AEROSOL 20MCG/DO SPBS 200DO + INHALATOR"/>
               </coding>
            </code>
            <patient>
               <reference value="urn:uuid:06b3e68a-dd2d-11ee-7550-020000000000"/>
               <display value="van Anoniempje"/>
            </patient>
            <onsetDateTime value="2011-08-16"/>
         </AllergyIntolerance>
      </resource>
      <search>
         <mode value="match"/>
      </search>
   </entry>
   <entry>
      <fullUrl value="urn:uuid:06b3e68a-dd2d-11ee-7550-020000000000"/>
      <resource>
         <Patient>
            <meta>
               <profile value="http://fhir.nl/fhir/StructureDefinition/nl-core-patient"/>
            </meta>
            <text>
               <status value="extensions"/>
               <div xmlns="http://www.w3.org/1999/xhtml">
                  <div>Id 
<i>afgeschermd (ontbrekend gegeven)</i> (BSN), 
<span title="Naamsamenstelling: Eigennaam">van Anoniempje</span>, Man, 1 januari 2000</div>
                  <div>
                     <a href="tel:0123-123456">0123-123456</a> (Tel)</div>
                  <div>Teststraat 3, 1234AB Veghel (officieel Privé (hoofd) Bezoek)</div>
               </div>
            </text>
            <identifier>
               <system value="http://fhir.nl/fhir/NamingSystem/bsn"/>
               <value>
                  <extension url="http://hl7.org/fhir/StructureDefinition/data-absent-reason">
                     <valueCode value="masked"/>
                  </extension>
               </value>
            </identifier>
            <name>
               <extension url="http://hl7.org/fhir/StructureDefinition/humanname-assembly-order">
                  <valueCode value="NL1"/>
               </extension>
               <family value="van Anoniempje">
                  <extension url="http://hl7.org/fhir/StructureDefinition/humanname-own-prefix">
                     <valueString value="van"/>
                  </extension>
                  <extension url="http://hl7.org/fhir/StructureDefinition/humanname-own-name">
                     <valueString value="Anoniempje"/>
                  </extension>
               </family>
            </name>
            <telecom>
               <system value="phone"/>
               <value value="0123-123456"/>
            </telecom>
            <gender value="male">
               <extension url="http://nictiz.nl/fhir/StructureDefinition/code-specification">
                  <valueCodeableConcept>
                     <coding>
                        <system value="http://hl7.org/fhir/v3/AdministrativeGender"/>
                        <code value="M"/>
                        <display value="Male"/>
                     </coding>
                  </valueCodeableConcept>
               </extension>
            </gender>
            <birthDate value="2000-01-01"/>
            <address>
               <extension url="http://nictiz.nl/fhir/StructureDefinition/zib-AddressInformation-AddressType">
                  <valueCodeableConcept>
                     <coding>
                        <system value="http://hl7.org/fhir/v3/AddressUse"/>
                        <code value="HP"/>
                        <display value="Officieel adres"/>
                     </coding>
                  </valueCodeableConcept>
               </extension>
               <extension url="http://fhir.nl/fhir/StructureDefinition/nl-core-address-official">
                  <valueBoolean value="true"/>
               </extension>
               <extension url="http://hl7.org/fhir/StructureDefinition/iso21090-AD-use">
                  <valueCode value="HP"/>
               </extension>
               <use value="home"/>
               <type value="physical"/>
               <line value="Teststraat 3">
                  <extension url="http://hl7.org/fhir/StructureDefinition/iso21090-ADXP-streetName">
                     <valueString value="Teststraat"/>
                  </extension>
                  <extension url="http://hl7.org/fhir/StructureDefinition/iso21090-ADXP-houseNumber">
                     <valueString value="3"/>
                  </extension>
               </line>
               <city value="Veghel"/>
               <postalCode value="1234AB"/>
            </address>
         </Patient>
      </resource>
      <search>
         <mode value="include"/>
      </search>
   </entry>
   <entry>
      <fullUrl value="https://example.org/fhir/Organization/2.16.528.1.1007.3.3-00067045"/>
      <resource>
         <Organization>
            <id value="2.16.528.1.1007.3.3-00067045"/>
            <meta>
               <profile value="http://fhir.nl/fhir/StructureDefinition/nl-core-organization"/>
            </meta>
            <text>
               <status value="extensions"/>
               <div xmlns="http://www.w3.org/1999/xhtml">
                  <table>
                     <caption>Organisatie. Id: 00067045 (URA)</caption>
                     <tbody>
                        <tr>
                           <th>Naam</th>
                           <td>Drs J.W. den Biggelaar</td>
                        </tr>
                     </tbody>
                  </table>
               </div>
            </text>
            <identifier>
               <system value="http://fhir.nl/fhir/NamingSystem/ura"/>
               <value value="00067045"/>
            </identifier>
            <name value="Drs J.W. den Biggelaar"/>
         </Organization>
      </resource>
      <search>
         <mode value="include"/>
      </search>
   </entry>
</Bundle>