<!--Generated from HL7v3 REPC_IN990101NL instance with: <id extension="XIS-20190304-1353-49fb42f1-7c0a-4c69-8e7a-ae74cd2e3be6" root="2.16.840.1.113883.2.4.6.6.90000258.1"/>-->
<adaxml xmlns:xsi="http://www.w3.org/2001/XMLSchema-instance"
        xsi:noNamespaceSchemaLocation="../ada_schemas/ada_encounter_notes_response.xsd">
   <meta status="new"
         created-by="generated"
         last-update-by="generated"
         creation-date="2023-10-03T20:31:08.33276+02:00"
         last-update-date="2023-10-03T20:31:08.33276+02:00"/>
   <data>
      <encounter_notes_response app="ketenzorg3.0"
                                shortName="encounter_notes_response"
                                formName="encounter_notes_response"
                                transactionRef="2.16.840.1.113883.2.4.3.11.60.66.4.526"
                                transactionEffectiveDate="2018-04-13T00:00:00"
                                versionDate=""
                                prefix="kz-"
                                language="en-US"
                                title="Generated Through Conversion"
                                id="050b47f1-621b-11ee-2715-020000000000">
         <bundle>
            <type code="34900-1"
                  codeSystem="2.16.840.1.113883.6.1"
                  codeSystemName="LOINC"
                  displayName="General medicine Progress note"/>
            <status code="completed"
                    codeSystem="2.16.840.1.113883.5.14"
                    displayName="completed"/>
            <custodian>
               <healthcare_provider>
                  <healthcare_provider_identification_number value="90000381" root="2.16.528.1.1007.3.3"/>
                  <organization_name value="Tést Zorginstelling 04"/>
               </healthcare_provider>
            </custodian>
            <subject>
               <patient>
                  <name_information>
                     <initials value="E."/>
                     <name_usage code="NL1"
                                 codeSystem="2.16.840.1.113883.2.4.3.11.60.101.5.4"
                                 displayName="Eigen geslachtsnaam"/>
                     <last_name>
                        <last_name value="XXX_Zegers"/>
                     </last_name>
                  </name_information>
                  <address_information>
                     <street value="Knolweg"/>
                     <house_number value="1001"/>
                     <postcode value="9999 XX"/>
                     <place_of_residence value="STITSWERD"/>
                     <country code="NL" codeSystem="1.0.3166.1.2.2" displayName="Nederland"/>
                     <address_type code="HP"
                                   codeSystem="2.16.840.1.113883.5.1119"
                                   displayName="Primary Home"/>
                  </address_information>
                  <patient_identification_number value="999911624" root="2.16.840.1.113883.2.4.6.3"/>
                  <date_of_birth value="1964-08-02"/>
                  <gender code="F" codeSystem="2.16.840.1.113883.5.1"/>
               </patient>
            </subject>
         </bundle>
         <encounter_note>
            <hcimroot>
               <identification_number value="996625" root="2.16.840.1.113883.2.4.6.6.90000258.4.1"/>
               <author>
                  <health_professional>
                     <health_professional_identification_number value="900014718" root="2.16.528.1.1007.3.1"/>
                     <name_information>
                        <name_usage code="NL1"
                                    codeSystem="2.16.840.1.113883.2.4.3.11.60.101.5.4"
                                    displayName="Eigen geslachtsnaam"/>
                        <last_name>
                           <last_name value="Huisarts 1"/>
                        </last_name>
                     </name_information>
                     <contact_information>
                        <telephone_numbers>
                           <telephone_number value="030-6963207"/>
                           <telecom_type code="UNK"
                                         codeSystem="2.16.840.1.113883.5.1008"
                                         displayName="unknown"/>
                           <number_type code="WP"
                                        codeSystem="2.16.840.1.113883.5.1119"
                                        displayName="Work place"/>
                        </telephone_numbers>
                        <telephone_numbers>
                           <telephone_number value="06-12345678"/>
                           <telecom_type code="MC"
                                         codeSystem="2.16.840.1.113883.5.1119"
                                         displayName="Mobiele telefoon"/>
                           <number_type code="WP"
                                        codeSystem="2.16.840.1.113883.5.1119"
                                        displayName="Work place"/>
                        </telephone_numbers>
                     </contact_information>
                     <healthcare_provider>
                        <healthcare_provider_identification_number value="00002727" root="2.16.528.1.1007.3.3"/>
                        <organization_name value="Gezondheidscentrum Aesculaap"/>
                     </healthcare_provider>
                     <health_professional_role code="RESP"
                                               codeSystem="2.16.840.1.113883.5.90"
                                               displayName="Responsible Party"/>
                  </health_professional>
               </author>
               <date_time value="2019-01-30T16:45:00"/>
            </hcimroot>
            <encounter value="996625" root="2.16.840.1.113883.2.4.6.6.90000258.4.10"/>
            <episode value="1826" root="2.16.840.1.113883.2.4.6.6.90000258.4.6"/>
            <journal_entry>
               <type value="1"
                     code="S"
                     codeSystem="2.16.840.1.113883.2.4.4.32.2"
                     displayName="Subjectief"/>
               <text value="Gaat beter, nog wel af en toe benauwd/hoesten. Geen koorts, weinig slijm en geen PoB."/>
            </journal_entry>
            <journal_entry>
               <type value="2"
                     code="O"
                     codeSystem="2.16.840.1.113883.2.4.4.32.2"
                     displayName="Objectief"/>
               <text value="Longen VAG geen crep, piep, wel wat rhonchi. Percussie gb."/>
            </journal_entry>
            <journal_entry>
               <type value="3"
                     code="E"
                     codeSystem="2.16.840.1.113883.2.4.4.32.2"
                     displayName="Evaluatie"/>
               <text value="COPD, beterend"/>
               <problem>
                  <hcimroot>
                     <identification_number value="996625" root="2.16.840.1.113883.2.4.6.6.90000258.4.1"/>
                  </hcimroot>
                  <problem_type value="1"
                                code="282291009"
                                codeSystem="2.16.840.1.113883.6.96"
                                displayName="Diagnosis"/>
                  <problem_name code="R95"
                                codeSystem="2.16.840.1.113883.2.4.4.31.1"
                                codeSystemName="ICPC-1-NL"
                                displayName="Emfyseem/COPD"/>
                  <problem_start_date value="2019-01-30"/>
                  <problem_status value="1"
                                  code="55561003"
                                  codeSystem="2.16.840.1.113883.6.96"
                                  displayName="Active"/>
               </problem>
            </journal_entry>
            <journal_entry>
               <type value="4"
                     code="P"
                     codeSystem="2.16.840.1.113883.2.4.4.32.2"
                     displayName="Plan"/>
               <text value="Controle afspreken POH voor ketenzorg en blaastest, continueren flixotide, zn ventolin."/>
            </journal_entry>
         </encounter_note>
         <encounter_note>
            <hcimroot>
               <identification_number value="996626" root="2.16.840.1.113883.2.4.6.6.90000258.4.1"/>
               <author>
                  <health_professional>
                     <health_professional_identification_number value="900014718" root="2.16.528.1.1007.3.1"/>
                     <name_information>
                        <name_usage code="NL1"
                                    codeSystem="2.16.840.1.113883.2.4.3.11.60.101.5.4"
                                    displayName="Eigen geslachtsnaam"/>
                        <last_name>
                           <last_name value="Huisarts 1"/>
                        </last_name>
                     </name_information>
                     <specialty code="01.015" codeSystem="2.16.840.1.113883.2.4.15.111"/>
                     <contact_information>
                        <telephone_numbers>
                           <telephone_number value="030-6963207"/>
                           <telecom_type code="UNK"
                                         codeSystem="2.16.840.1.113883.5.1008"
                                         displayName="unknown"/>
                           <number_type code="WP"
                                        codeSystem="2.16.840.1.113883.5.1119"
                                        displayName="Work place"/>
                        </telephone_numbers>
                        <telephone_numbers>
                           <telephone_number value="06-12345678"/>
                           <telecom_type code="MC"
                                         codeSystem="2.16.840.1.113883.5.1119"
                                         displayName="Mobiele telefoon"/>
                           <number_type code="WP"
                                        codeSystem="2.16.840.1.113883.5.1119"
                                        displayName="Work place"/>
                        </telephone_numbers>
                     </contact_information>
                     <healthcare_provider>
                        <healthcare_provider_identification_number value="00002727" root="2.16.528.1.1007.3.3"/>
                        <organization_name value="Gezondheidscentrum Aesculaap"/>
                     </healthcare_provider>
                     <health_professional_role code="RESP"
                                               codeSystem="2.16.840.1.113883.5.90"
                                               displayName="Responsible Party"/>
                  </health_professional>
               </author>
               <date_time value="2019-02-02T17:03:00"/>
            </hcimroot>
            <encounter value="996626" root="2.16.840.1.113883.2.4.6.6.90000258.4.10"/>
            <episode value="1826" root="2.16.840.1.113883.2.4.6.6.90000258.4.6"/>
            <journal_entry>
               <type value="1"
                     code="S"
                     codeSystem="2.16.840.1.113883.2.4.4.32.2"
                     displayName="Subjectief"/>
               <text value="Gaat slechter. Medicatie slaat niet aan aldus pat. Koorts-. Hoest+++. Slijm geel. "/>
            </journal_entry>
            <journal_entry>
               <type value="2"
                     code="O"
                     codeSystem="2.16.840.1.113883.2.4.4.32.2"
                     displayName="Objectief"/>
               <text value="Longen VAG crep+, piep iets, rhonchi+.  Percussie gb. "/>
            </journal_entry>
            <journal_entry>
               <type value="3"
                     code="E"
                     codeSystem="2.16.840.1.113883.2.4.4.32.2"
                     displayName="Evaluatie"/>
               <text value="COPD, exacerbatie"/>
               <problem>
                  <hcimroot>
                     <identification_number value="996626" root="2.16.840.1.113883.2.4.6.6.90000258.4.1"/>
                  </hcimroot>
                  <problem_type value="1"
                                code="282291009"
                                codeSystem="2.16.840.1.113883.6.96"
                                displayName="Diagnosis"/>
                  <problem_name code="R95"
                                codeSystem="2.16.840.1.113883.2.4.4.31.1"
                                codeSystemName="ICPC-1-NL"
                                displayName="Emfyseem/COPD"/>
                  <problem_start_date value="2019-02-02"/>
                  <problem_status value="1"
                                  code="55561003"
                                  codeSystem="2.16.840.1.113883.6.96"
                                  displayName="Active"/>
               </problem>
            </journal_entry>
            <journal_entry>
               <type value="4"
                     code="P"
                     codeSystem="2.16.840.1.113883.2.4.4.32.2"
                     displayName="Plan"/>
               <text value="AB starten, ventolin 3-4 dgs."/>
            </journal_entry>
         </encounter_note>
      </encounter_notes_response>
   </data>
</adaxml>
