<?xml version="1.0" encoding="UTF-8"?>
<array>
    <array>
        <accessToken>Bearer 2588b52d-c5ef-4cfa-84d4-acf8419a72e9</accessToken>
        <resourceId>example-eAfspraak-kwalificatie1</resourceId>
        <familyName>XXX_Verweij</familyName>
        <bsn>999911533</bsn>
        <qualificationScript>MedMij eAfspraken</qualificationScript>
    </array>
    <array>
        <accessToken>Bearer 48a1fb8a-82e5-4e72-b560-4924279bb57e</accessToken>
        <resourceId>example-eAfspraak-kwalificatie2</resourceId>
        <familyName>XXX_Zalentein</familyName>
        <bsn>999911582</bsn>
        <qualificationScript>MedMij eAfspraken</qualificationScript>
    </array>
    <array>
        <accessToken>Bearer ed772f1e-5c86-4a0b-af36-4a05a2059191</accessToken>
        <resourceId>example-eAfspraak-kwalificatie3</resourceId>
        <familyName>XXX_Egmond</familyName>
        <bsn>999911594</bsn>
        <qualificationScript>MedMij eAfspraken</qualificationScript>
    </array>
    <array>
        <accessToken>Bearer f92b6141-55db-46d5-a3ae-874b69907d22</accessToken>
        <resourceId>example-pdfa-kwalificatie1</resourceId>
        <familyName>XXX_Baltus</familyName>
        <bsn>999910796</bsn>
        <qualificationScript>MedMij PDF/A</qualificationScript>
    </array>
    <array>
        <accessToken>Bearer aae7b5aa-d796-4fba-b4d3-852d9043ee66</accessToken>
        <resourceId>example-pdfa-kwalificatie2</resourceId>
        <familyName>XXX_Schulte</familyName>
        <bsn>999910784</bsn>
        <qualificationScript>MedMij PDF/A</qualificationScript>
    </array>
    <array>
        <accessToken>Bearer 84b0da5a-3816-49ba-9df4-88bc089dd401</accessToken>
        <resourceId>example-pdfa-kwalificatie3</resourceId>
        <familyName>XXX_Ellens</familyName>
        <bsn>999910863</bsn>
        <qualificationScript>MedMij PDF/A</qualificationScript>
    </array>
    <array>
        <accessToken>Bearer 93cde269-ce35-4077-a39d-19296670e949</accessToken>
        <resourceId>medmij-bgz-patient-ts-01</resourceId>
        <familyName>XXX_Helleman</familyName>
        <bsn>999911120</bsn>
        <qualificationScript>MedMij BGZ</qualificationScript>
    </array>
    <array>
        <accessToken>Bearer 6056a9eb-da6a-45dc-b557-e854e138af8f</accessToken>
        <resourceId>medmij-bgz-patient-ts-02</resourceId>
        <familyName>XXX_Mesker</familyName>
        <bsn>999911284</bsn>
        <qualificationScript>MedMij BGZ</qualificationScript>
    </array>
    <array>
        <accessToken>Bearer d9f8d61b-c236-489f-aba5-b3bebd312c30</accessToken>
        <resourceId>selfmeasurement-patient-kwalificatie1</resourceId>
        <familyName>XXX_Bourgonjee</familyName>
        <bsn>999911302</bsn>
        <qualificationScript>MedMij Zelfmetingen</qualificationScript>
    </array>
    <array>
        <accessToken>Bearer 06bbe01d-b3cb-4028-8b1c-f731d0241b57</accessToken>
        <resourceId>selfmeasurement-patient-kwalificatie2</resourceId>
        <familyName>XXX_Bergzoon</familyName>
        <bsn>999911259</bsn>
        <qualificationScript>MedMij Zelfmetingen</qualificationScript>
    </array>
    <array>
        <accessToken>Bearer f5a06257-2498-4442-96e7-98bf5708d6ae</accessToken>
        <resourceId>selfmeasurements-2020-01-patient-kwalificatie1</resourceId>
        <familyName>XXX_Bourgonjee</familyName>
        <bsn>999911302</bsn>
        <qualificationScript>MedMij Zelfmetingen 2020.01</qualificationScript>
    </array>
    <array>
        <accessToken>Bearer 2405ec76-1fc0-4c5a-8963-1b3c8abb130b</accessToken>
        <resourceId>selfmeasurements-2020-01-patient-kwalificatie2</resourceId>
        <familyName>XXX_Bergzoon</familyName>
        <bsn>999911259</bsn>
        <qualificationScript>MedMij Zelfmetingen 2020.01</qualificationScript>
    </array>
    <array>
        <accessToken>Bearer 14bc6cc6-7b7b-4c29-b662-c5284d76cf3c</accessToken>
        <resourceId>laboratoryresults-patient-kwalificatie1</resourceId>
        <familyName>XXX_Aantrekker</familyName>
        <bsn>999910450</bsn>
        <qualificationScript>MedMij Lab</qualificationScript>
    </array>
    <array>
        <accessToken>Bearer 0aed465d-aab0-4417-9b3c-e6f635892fea</accessToken>
        <resourceId>gpdata-patient-kwalificatie1</resourceId>
        <familyName>XXX_Cevat</familyName>
        <bsn>999911132</bsn>
        <qualificationScript>MedMij Huisarts</qualificationScript>
    </array>
    <array>
        <accessToken>Bearer 5d0d5475-9609-4e91-bbca-c466ed704952</accessToken>
        <resourceId>XXX-Yong</resourceId>
        <familyName>XXX_Yong</familyName>
        <bsn>999911776</bsn>
        <qualificationScript>MedMij AllergyIntolerance</qualificationScript>
    </array>
    <array>
        <accessToken>Bearer 327aea20-12b8-11ea-aaef-0800200c9a66</accessToken>
        <resourceId>YYY-Yong20</resourceId>
        <familyName>YYY_Yong20</familyName>
        <bsn>999988402</bsn>
        <qualificationScript>MedMij AllergyIntolerance</qualificationScript>
    </array>
    <array>
        <accessToken>Bearer 3daef240-ee84-11e9-aaef-0800200c9a66</accessToken>
        <resourceId>XXX-Stalewska</resourceId>
        <familyName>XXX_Stalewska</familyName>
        <bsn>999911235</bsn>
        <qualificationScript>MedMij AllergyIntolerance</qualificationScript>
    </array>
    <array>
        <accessToken>Bearer 473b7ca0-f0f7-11e9-aaef-0800200c9a66</accessToken>
        <resourceId>XXX-Smits</resourceId>
        <familyName>XXX_Smits</familyName>
        <bsn>999911223</bsn>
        <qualificationScript>MedMij AllergyIntolerance</qualificationScript>
    </array>
    <array>
        <accessToken>Bearer 8c6e2d90-f0f7-11e9-aaef-0800200c9a66</accessToken>
        <resourceId>XXX-Daalen</resourceId>
        <familyName>XXX_Daalen</familyName>
        <bsn>999911247</bsn>
        <qualificationScript>MedMij AllergyIntolerance</qualificationScript>
    </array>
    <array>
        <accessToken>Bearer c980c4c9-a6d7-41d2-b541-5284f33b2f75</accessToken>
        <resourceId>XXX-BOURGONJE</resourceId>
        <familyName>XXX_Bourgonje</familyName>
        <bsn>999911296</bsn>
        <qualificationScript>MedMij Medication</qualificationScript>
    </array>
    <array>
        <accessToken>Bearer 31d4a33c-75a7-44a0-ba5c-2722971a0b85</accessToken>
        <resourceId>XXX-GOBEE</resourceId>
        <familyName>XXX_Gobee</familyName>
        <bsn>999911314</bsn>
        <qualificationScript>MedMij Medication</qualificationScript>
    </array>
    <array>
        <accessToken>Bearer e2696872-f855-4283-a01b-c0db9c50bde2</accessToken>
        <resourceId>XXX-DIRKSZ</resourceId>
        <familyName>XXX_Dirksz</familyName>
        <bsn>999911326</bsn>
        <qualificationScript>MedMij Medication</qualificationScript>
    </array>
    <array>
        <accessToken>Bearer b086604e-af06-48ae-bb7a-d099b4ebbf89</accessToken>
        <resourceId>XXX-STRENGERSZ</resourceId>
        <familyName>XXX_Strengersz</familyName>
        <bsn>999911338</bsn>
        <qualificationScript>MedMij Medication</qualificationScript>
    </array>
    <array>
        <accessToken>Bearer 72538476-32d0-4f7f-80c7-bb12a1872d8e</accessToken>
        <resourceId>XXX-RUYS</resourceId>
        <familyName>XXX_Ruys</familyName>
        <bsn>999911351</bsn>
        <qualificationScript>MedMij Medication</qualificationScript>
    </array>
    <array>
        <accessToken>Bearer 56fddbdf-cf49-41e1-b261-5ff7466c54a5</accessToken>
        <resourceId>XXX-CNOSSEN</resourceId>
        <familyName>XXX_Cnossen</familyName>
        <bsn>999911740</bsn>
        <qualificationScript>MedMij Medication</qualificationScript>
    </array>
    <array>
        <accessToken>Bearer 9981f7ad-f22b-4a99-be31-68145536f9de</accessToken>
        <resourceId>XXX-KILKENNY</resourceId>
        <familyName>XXX_Kilkenny</familyName>
        <bsn>999911752</bsn>
        <qualificationScript>MedMij Medication</qualificationScript>
    </array>
    <array>
        <accessToken>Bearer d30f66ca-288d-44ea-aae0-659400d3ff42</accessToken>
        <resourceId>XXX-AMAYA</resourceId>
        <familyName>XXX_Amaya</familyName>
        <bsn>999911764</bsn>
        <qualificationScript>MedMij Medication</qualificationScript>
    </array>
    <array>
        <accessToken>Bearer 8ec5a385-5642-4132-9100-c69f7fdb06da</accessToken>
        <resourceId>XXX-JANGI</resourceId>
        <familyName>XXX_Jangi</familyName>
        <bsn>999911727</bsn>
        <qualificationScript>MedMij Medication</qualificationScript>
    </array>
    <array>
        <accessToken>Bearer 453863d0-0aa1-42e4-9201-7ca7e061520c</accessToken>
        <resourceId>ADELAAR</resourceId>
        <familyName>Adelaar</familyName>
        <qualificationScript>MedMij Medication</qualificationScript>
    </array>
    <array>
        <accessToken>Bearer b373ae26-3452-4c19-8865-806aa503b9d0</accessToken>
        <resourceId>BERKEN</resourceId>
        <familyName>van der Berken</familyName>
        <qualificationScript>MedMij Medication</qualificationScript>
    </array>
    <array>
        <accessToken>Bearer 3c5c5d2d-587a-4aa0-9aa0-a4ec0641531f</accessToken>
        <resourceId>CREIENS</resourceId>
        <familyName>Creiens</familyName>
        <bsn>999999060</bsn>
        <qualificationScript>MedMij Medication</qualificationScript>
    </array>
    <array>
        <accessToken>Bearer 088c319c-e22d-4d8b-b65c-c3f2d76b7ec6</accessToken>
        <resourceId>DIREN</resourceId>
        <familyName>Direnç</familyName>
        <bsn>555555914</bsn>
        <qualificationScript>MedMij Medication</qualificationScript>
    </array>
    <array>
        <accessToken>Bearer 2ecfcf66-af45-4290-ab7c-6b7c3d10a452</accessToken>
        <resourceId>HENEGOUWEN</resourceId>
        <familyName>van Henegouwen</familyName>
        <bsn>555555112</bsn>
        <qualificationScript>MedMij Medication</qualificationScript>
    </array>
    <array>
        <accessToken>Bearer acc0c081-ece5-4760-bfd9-ce61d1450406</accessToken>
        <resourceId>SLUIS</resourceId>
        <familyName>van der Sluis</familyName>
        <qualificationScript>MedMij Medication</qualificationScript>
    </array>
    <array>
        <accessToken>Bearer dcdfe220-0fb9-470c-8721-08fd966fbea1</accessToken>
        <resourceId>VEENOORD</resourceId>
        <familyName>Veenoord</familyName>
        <bsn>555555021</bsn>
        <qualificationScript>MedMij Medication</qualificationScript>
    </array>
    <array>
        <accessToken>Bearer acd68d8c-9394-4aee-8aa7-f7f81183e0d3</accessToken>
        <resourceId>XXX-BEKKER</resourceId>
        <familyName>XXX_BEKKER</familyName>
        <bsn>999911715</bsn>
        <qualificationScript>MedMij Medication</qualificationScript>
    </array>
    <array>
        <accessToken>Bearer bde481d0-311a-4ca4-9cd6-334db51b7f54</accessToken>
        <resourceId>XXX-JANKIE</resourceId>
        <familyName>XXX_Jankie</familyName>
        <bsn>999910437</bsn>
        <qualificationScript>MedMij Medication</qualificationScript>
    </array>
    <array>
        <accessToken>Bearer 99b14b9a-a112-49d4-934b-10145cd353ba</accessToken>
        <resourceId>XXX-ZUTPHEN</resourceId>
        <familyName>van XXX_Zutphen</familyName>
        <bsn>999910498</bsn>
        <qualificationScript>MedMij Medication</qualificationScript>
    </array>
    <array>
        <accessToken>Bearer 13ac391e-e9f2-40b8-a15c-bb8d896009b9</accessToken>
        <resourceId>XXX-MOLENAARS</resourceId>
        <familyName>XXX_Molenaars</familyName>
        <bsn>999910449</bsn>
        <qualificationScript>MedMij Medication</qualificationScript>
    </array>
    <array>
        <accessToken>Bearer 7cac059d-47e7-4026-9f69-b826921305ae</accessToken>
        <resourceId>XXX-BOSCHMAN</resourceId>
        <familyName>van de XXX_Boschman</familyName>
        <bsn>999912100</bsn>
        <qualificationScript>MedMij Medication</qualificationScript>
    </array>
    <array>
        <accessToken>Bearer 29fe6dc3-deb8-4d5a-b7f1-a5e407e962d3</accessToken>
        <resourceId>XXX-VONKER</resourceId>
        <familyName>XXX_Vonker</familyName>
        <bsn>999910401</bsn>
        <qualificationScript>MedMij Medication</qualificationScript>
    </array>
    <array>
        <accessToken>Bearer b289543a-03e0-4d2a-90c1-6edc3e53a314</accessToken>
        <resourceId>XXX-INCIDENT-A</resourceId>
        <familyName>XXX-Incident-A</familyName>
        <bsn>999990159</bsn>
        <qualificationScript>MedMij Medication</qualificationScript>
    </array>
    <array>
        <accessToken>Bearer af8c760b-ce0b-4b8b-a5b0-bdd973439d12</accessToken>
        <resourceId>XXX-MAASZ</resourceId>
        <familyName>XXX_Maasz</familyName>
        <bsn>999910747</bsn>
        <qualificationScript>MedMij Medication</qualificationScript>
    </array>
    <array>
        <accessToken>Bearer 461b4db0-73fa-4ee8-a807-7d24fe8d139c</accessToken>
        <resourceId>XXX-Kester</resourceId>
        <familyName>van XXX_Kester</familyName>
        <bsn>999911557</bsn>
        <qualificationScript>MedMij Medication</qualificationScript>
    </array>
    <array>
        <accessToken>Bearer 828138a3-a871-4657-99a4-6a72b07038c7</accessToken>
        <resourceId>XXX-TEST-E</resourceId>
        <familyName>XXX_TEST_E</familyName>
        <bsn>999990196</bsn>
        <qualificationScript>MedMij Medication</qualificationScript>
    </array>
    <array>
        <accessToken>Bearer 25eacfd5-6e41-41e2-800a-c06a06898e18</accessToken>
        <resourceId>XXX-STIJL</resourceId>
        <familyName>XXX_Stijl</familyName>
        <bsn>999910644</bsn>
        <qualificationScript>MedMij Medication</qualificationScript>
    </array>
    <array>
        <accessToken>Bearer 93368a22-583b-4b46-b921-2fd1f9248f5f</accessToken>
        <resourceId>XXX-KLOKGIETERS</resourceId>
        <familyName>XXX_Klokgieters</familyName>
        <bsn>999910668</bsn>
        <qualificationScript>MedMij Medication</qualificationScript>
    </array>
    <array>
        <accessToken>Bearer 761549f5-112d-49be-a20d-3874783b4ca7</accessToken>
        <resourceId>C-XXX-CSC-SMOKETEST-A</resourceId>
        <familyName>XXX-CSC-Smoketest-A</familyName>
        <bsn>999990020</bsn>
        <qualificationScript>MedMij Medication Test</qualificationScript>
    </array>
    <array>
        <accessToken>Bearer 883f6750-6058-47fa-ab49-7390e65f5098</accessToken>
        <resourceId>D-XXX-CSC-SMOKETEST-B</resourceId>
        <familyName>XXX-CSC-Smoketest-B</familyName>
        <bsn>999990032</bsn>
        <qualificationScript>MedMij Medication Test</qualificationScript>
    </array>
    <array>
        <accessToken>Bearer 893d8122-6490-4d65-9621-6dda1abd1966</accessToken>
        <resourceId>E-XXX-GBZ-SMOKETEST-A</resourceId>
        <familyName>XXX-GBZ-Smoketest-A</familyName>
        <bsn>999990044</bsn>
        <qualificationScript>MedMij Medication Test</qualificationScript>
    </array>
    <array>
        <accessToken>Bearer 90bf84c3-1e1e-407d-94da-9e62d7ae7614</accessToken>
        <resourceId>F-XXX-GBZ-SMOKETEST-B</resourceId>
        <familyName>XXX-GBZ-Smoketest-B</familyName>
        <bsn>999990056</bsn>
        <qualificationScript>MedMij Medication Test</qualificationScript>
    </array>
    <array>
        <accessToken>Bearer 30f59e35-3210-4590-96c2-9b4ed43b6969</accessToken>
        <resourceId>G-XXX-GBZ-SMOKETEST-C</resourceId>
        <familyName>XXX-GBZ-Smoketest-C</familyName>
        <bsn>999990068</bsn>
        <qualificationScript>MedMij Medication Test</qualificationScript>
    </array>
    <array>
        <accessToken>Bearer fb717323-b941-4fb3-8de1-8b8693d1ec58</accessToken>
        <resourceId>J-XXX-LEV-TEST-A</resourceId>
        <familyName>XXX-LEV-TEST-A</familyName>
        <bsn>999990111</bsn>
        <qualificationScript>MedMij Medication Test</qualificationScript>
    </array>
    <array>
        <accessToken>Bearer c57bda36-1bd9-48b5-acd2-21ce246609d2</accessToken>
        <resourceId>K-XXX-LEV-TEST-B</resourceId>
        <familyName>XXX-LEV-TEST-B</familyName>
        <bsn>999990123</bsn>
        <qualificationScript>MedMij Medication Test</qualificationScript>
    </array>
    <array>
        <accessToken>Bearer 93bca212-0968-4a61-bad1-f0037f5af74f</accessToken>
        <resourceId>L-XXX-LEV-TEST-C</resourceId>
        <familyName>XXX-LEV-TEST-C</familyName>
        <bsn>999990135</bsn>
        <qualificationScript>MedMij Medication Test</qualificationScript>
    </array>
    <array>
        <accessToken>Bearer 1161a528-0d62-422b-8157-95901ad7acc7</accessToken>
        <resourceId>M-XXX-LEV-TEST-D</resourceId>
        <familyName>XXX-LEV-TEST-D</familyName>
        <bsn>999990147</bsn>
        <qualificationScript>MedMij Medication Test</qualificationScript>
    </array>
    <array>
        <accessToken>Bearer 6fc70c51-bdda-422e-9eaa-899fe24c4ef9</accessToken>
        <resourceId>XXX-Bals</resourceId>
        <familyName>XXX_Bals</familyName>
        <bsn>999911478</bsn>
        <qualificationScript>MedMij GGZ</qualificationScript>
    </array>
    <array>
        <accessToken>Bearer 55180ef6-52b9-4ce2-954f-7f623b568bef</accessToken>
        <resourceId>XXX-Walsen</resourceId>
        <familyName>XXX_Walsen</familyName>
        <bsn>999911491</bsn>
        <qualificationScript>MedMij GGZ</qualificationScript>
    </array>
    <array>
        <accessToken>Bearer 25337a23-71e8-4e5a-93c0-1c92d517924c</accessToken>
        <resourceId>XXX-Camp</resourceId>
        <familyName>XXX_Camp</familyName>
        <bsn>999911788</bsn>
        <qualificationScript>MedMij AllergyIntolerance</qualificationScript>
    </array>
    <array>
        <accessToken>Bearer d8a50530-12b7-11ea-aaef-0800200c9a66</accessToken>
        <resourceId>YYY-Camp20</resourceId>
        <familyName>YYY_Camp20</familyName>
        <bsn>999988293</bsn>
        <qualificationScript>MedMij AllergyIntolerance</qualificationScript>
    </array>
    <array>
        <accessToken>Bearer db8339a9-fc1a-4a89-ae4d-e03f379bd300</accessToken>
        <resourceId>XXX-Herweijer</resourceId>
        <familyName>XXX_Herweijer</familyName>
        <bsn>999911466</bsn>
        <qualificationScript>MedMij FHIR3-0-1-MedMij-Sandbox mp-sandbox, MedMij Medication</qualificationScript>
    </array>
    <array>
        <accessToken>Bearer 1fdb1b0f-adea-4387-8445-fffacc6aed8b</accessToken>
        <resourceId>XXX-Altenborg</resourceId>
        <familyName>XXX_Altenborg</familyName>
        <bsn>999911612</bsn>
        <qualificationScript>MedMij FHIR3-0-1-MedMij-Sandbox mp-sandbox</qualificationScript>
    </array>
    <array>
        <accessToken>Bearer f5b23d59-14ab-4386-9d67-a78cc656a557</accessToken>
        <resourceId>medmij-bgz-ext-nl-core-patient-01</resourceId>
        <familyName>XXX_Bakkerz</familyName>
        <bsn>999912008</bsn>
        <qualificationScript>MedMij BGZ</qualificationScript>
    </array>
    <array>
        <accessToken>Bearer ce28d649-a3ba-4d9c-99e6-d31f6a70476f</accessToken>
        <resourceId>XXX-Mutter</resourceId>
        <familyName>XXX_Mutter</familyName>
        <bsn>999911673</bsn>
        <qualificationScript>MedMij BGLZ</qualificationScript>
    </array>
    <array>
        <accessToken>Bearer e097ff15-c3a7-43a7-a190-70750e0be2c7</accessToken>
        <resourceId>XXX-Valk</resourceId>
        <familyName>XXX_Valk</familyName>
        <bsn>999911697</bsn>
        <qualificationScript>MedMij BGLZ</qualificationScript>
    </array>
    <array>
        <accessToken>Bearer 02c3c955-5366-45be-a5ac-8522c8271641</accessToken>
        <resourceId>XXX-Kesters</resourceId>
        <familyName>XXX_Kesters</familyName>
        <bsn>999911703</bsn>
        <qualificationScript>MedMij BGLZ</qualificationScript>
    </array>
    <array>
        <accessToken>Bearer 4777580a-690e-44ce-8a3c-1e29d420ab40</accessToken>
        <resourceId>XXX-Altenborg</resourceId>
        <familyName>XXX_Altenborg</familyName>
        <bsn>999911612</bsn>
        <qualificationScript>MedMij eOverdracht</qualificationScript>
    </array>
    <array>
        <accessToken>Bearer 32c63064-7953-4f11-bf85-1ae7f23a8091</accessToken>
        <resourceId>XXX-Sauter</resourceId>
        <familyName>XXX_Sauter</familyName>
        <bsn>999911636</bsn>
        <qualificationScript>MedMij eOverdracht</qualificationScript>
    </array>
    <array>
        <accessToken>Bearer bcabe321-ef23-44f0-9a14-3fe10b622d64</accessToken>
        <resourceId>XXX-Buckle</resourceId>
        <familyName>XXX_Buckle</familyName>
        <bsn>999911454</bsn>
        <qualificationScript>MedMij eOverdracht</qualificationScript>
    </array>
    <array>
        <accessToken>Bearer ff7467f5-0f40-4c88-826c-f5bf4ecbd411</accessToken>
        <resourceId>Sandbox-Driggers</resourceId>
        <familyName>Sandbox-Driggers</familyName>
        <bsn>942768218</bsn>
        <qualificationScript>Sandbox Zelfmetingen</qualificationScript>
    </array>
    <array>
        <accessToken>Bearer b8a9596a-1301-4666-bc39-f5077bf5738d</accessToken>
        <resourceId>Sandbox-Bramhall</resourceId>
        <familyName>Sandbox-Bramhall</familyName>
        <bsn>857220226</bsn>
        <qualificationScript>Sandbox Zelfmetingen</qualificationScript>
    </array>
    <array>
        <accessToken>Bearer 1f5b4282-544e-4832-b370-eeb69eb758d4</accessToken>
        <resourceId>XXX-testpatient</resourceId>
        <familyName>XXX_testpatient</familyName>
        <bsn>00000000</bsn>
        <qualificationScript>Geboortezorg</qualificationScript>
    </array>
    <array>
        <accessToken>Bearer 9e5ad1fa-3461-4f55-a033-55eb961b290a</accessToken>
        <resourceId>XXXVINK</resourceId>
        <familyName>XXX_Vink</familyName>
        <qualificationScript>MedMij Questionnaires</qualificationScript>
    </array>
    <array>
        <accessToken>Bearer 0dd9618f-ac1f-4ecf-a5a1-440174706ddd</accessToken>
        <resourceId>XXXBOUMANN</resourceId>
        <familyName>XXX_Boumann</familyName>
        <qualificationScript>MedMij Questionnaires</qualificationScript>
    </array>
    <array>
        <accessToken>Bearer f9e46b63-c2cb-433c-a84e-2c02e0921c06</accessToken>
        <resourceId>XXXREPSCHER</resourceId>
        <familyName>XXX_Repscher</familyName>
        <qualificationScript>MedMij Questionnaires</qualificationScript>
    </array>
    <array>
        <accessToken>Bearer 21bb7b80-9f4b-11ea-ab12-0800200c9a66</accessToken>
        <resourceId>XXX-TEST-D</resourceId>
        <familyName>XXX-TEST-D</familyName>
        <bsn>999990238</bsn>
        <qualificationScript>MedMij AllergyIntolerance</qualificationScript>
    </array>
    <array>
        <accessToken>Bearer 2ede36e0-9f4b-11ea-ab12-0800200c9a66</accessToken>
        <resourceId>XXX-TEST-F</resourceId>
        <familyName>XXX-TEST-F</familyName>
        <bsn>999990251</bsn>
        <qualificationScript>MedMij AllergyIntolerance</qualificationScript>
    </array>
<array>
        <accessToken>Bearer 76a3e3e0-c06a-11ea-8b6e-0800200c9a66</accessToken>
        <resourceId>H-XXX-ARCHANGEL</resourceId>
        <familyName>XXX_Archangel</familyName>
        <bsn>999910899</bsn>
        <qualificationScript>MP 907 POC Praktijktest</qualificationScript>
    </array>
    <array>
        <accessToken>Bearer 7f817b80-c06a-11ea-8b6e-0800200c9a66</accessToken>
        <resourceId>D-XXX-FRANSSEN</resourceId>
        <familyName>XXX_Franssen</familyName>
        <bsn>999910887</bsn>
        <qualificationScript>MP 907 POC Praktijktest</qualificationScript>
    </array>
    <array>
        <accessToken>Bearer 7ce7c666-6f96-40a7-a8fa-922056cb18b4</accessToken>
        <resourceId>medmij-bgz-test-patA</resourceId>
        <familyName>XXX_Rijn</familyName>
        <bsn>999901382</bsn>
        <qualificationScript>MedMij BgZ Test</qualificationScript>
    </array>
    <array>
        <accessToken>Bearer 1ddbc5c4-9309-436d-b4c7-8416610c215c</accessToken>
        <resourceId>medmij-bgz-test-patB</resourceId>
        <familyName>XXX_Hoff</familyName>
        <bsn>999901394</bsn>
        <qualificationScript>MedMij BgZ Test</qualificationScript>
    </array>
</array>
