<!--Generated from HL7v3 PRPA_IN900350NL instance with: <id extension="XIS-20190305-1614-6183e8d7-22ed-4e3c-b3b6-2ea03ce4c08b" root="2.16.840.1.113883.2.4.6.6.90000258.1"/>-->
<adaxml xmlns:xsi="http://www.w3.org/2001/XMLSchema-instance"
        xsi:noNamespaceSchemaLocation="../ada_schemas/ada_encounters_response.xsd">
   <meta status="new"
         created-by="generated"
         last-update-by="generated"
         creation-date="2023-10-03T20:31:08.86284+02:00"
         last-update-date="2023-10-03T20:31:08.86284+02:00"/>
   <data>
      <encounters_response app="ketenzorg3.0"
                           shortName="encounters_response"
                           formName="encounters_response"
                           transactionRef="2.16.840.1.113883.2.4.3.11.60.66.4.532"
                           transactionEffectiveDate="2018-04-13T00:00:00"
                           versionDate=""
                           prefix="kz-"
                           language="en-US"
                           title="Generated Through Conversion"
                           id="055c2a31-621b-11ee-1544-020000000000">
         <bundle>
            <type code="46240-8"
                  codeSystem="2.16.840.1.113883.6.1"
                  codeSystemName="LOINC"
                  displayName="History of hospitalizations / History of outpatient visits"/>
            <status code="completed"
                    codeSystem="2.16.840.1.113883.5.14"
                    displayName="completed"/>
            <custodian>
               <healthcare_provider>
                  <healthcare_provider_identification_number value="90000381" root="2.16.528.1.1007.3.3"/>
                  <organization_name value="Tést Zorginstelling 04"/>
               </healthcare_provider>
            </custodian>
            <subject>
               <patient>
                  <name_information>
                     <initials value="E."/>
                     <name_usage code="NL1"
                                 codeSystem="2.16.840.1.113883.2.4.3.11.60.101.5.4"
                                 displayName="Eigen geslachtsnaam"/>
                     <last_name>
                        <last_name value="XXX_Zegers"/>
                     </last_name>
                  </name_information>
                  <address_information>
                     <street value="Knolweg"/>
                     <house_number value="1001"/>
                     <postcode value="9999 XX"/>
                     <place_of_residence value="STITSWERD"/>
                     <country code="NL" codeSystem="1.0.3166.1.2.2" displayName="Nederland"/>
                     <address_type code="HP"
                                   codeSystem="2.16.840.1.113883.5.1119"
                                   displayName="Primary Home"/>
                  </address_information>
                  <patient_identification_number value="999911624" root="2.16.840.1.113883.2.4.6.3"/>
                  <date_of_birth value="1964-08-02"/>
                  <gender code="F" codeSystem="2.16.840.1.113883.5.1"/>
               </patient>
            </subject>
         </bundle>
         <encounter>
            <hcimroot>
               <identification_number value="996625" root="2.16.840.1.113883.2.4.6.6.90000258.4.10"/>
            </hcimroot>
            <contact_type code="03"
                          codeSystem="2.16.840.1.113883.2.4.4.30.14"
                          codeSystemName="Soort contact"
                          codeSystemVersion="v7"
                          displayName="consult"/>
            <contact_with>
               <health_professional>
                  <health_professional_identification_number value="900014718" root="2.16.528.1.1007.3.1"/>
                  <name_information>
                     <name_usage code="UNK"
                                 codeSystem="2.16.840.1.113883.5.1008"
                                 displayName="Unknown"/>
                     <last_name>
                        <last_name value="XIS test"/>
                     </last_name>
                  </name_information>
                  <specialty code="01.015"
                             codeSystem="2.16.840.1.113883.2.4.15.111"
                             displayName="Huisarts"/>
                  <healthcare_provider>
                     <healthcare_provider_identification_number value="90000381" root="2.16.528.1.1007.3.3"/>
                     <organization_name value="Tést Zorginstelling 02"/>
                  </healthcare_provider>
                  <health_professional_role code="PRF"
                                            codeSystem="2.16.840.1.113883.5.90"
                                            displayName="Performer"/>
               </health_professional>
            </contact_with>
            <start_date_time value="2019-02-03T16:45:00"/>
            <end_date_time value="2019-02-03T16:51:00"/>
            <contact_reason>
               <episode value="1826" root="2.16.840.1.113883.2.4.6.6.90000258.4.6"/>
            </contact_reason>
         </encounter>
         <encounter>
            <hcimroot>
               <identification_number value="996626" root="2.16.840.1.113883.2.4.6.6.90000258.4.10"/>
            </hcimroot>
            <contact_type code="03"
                          codeSystem="2.16.840.1.113883.2.4.4.30.14"
                          codeSystemName="Soort contact"
                          codeSystemVersion="v7"
                          displayName="consult"/>
            <contact_with>
               <health_professional>
                  <health_professional_identification_number value="900014718" root="2.16.528.1.1007.3.1"/>
                  <name_information>
                     <name_usage code="UNK"
                                 codeSystem="2.16.840.1.113883.5.1008"
                                 displayName="Unknown"/>
                     <last_name>
                        <last_name value="XIS test"/>
                     </last_name>
                  </name_information>
                  <specialty code="01.015"
                             codeSystem="2.16.840.1.113883.2.4.15.111"
                             displayName="Huisarts"/>
                  <healthcare_provider>
                     <healthcare_provider_identification_number value="90000381" root="2.16.528.1.1007.3.3"/>
                     <organization_name value="Tést Zorginstelling 02"/>
                  </healthcare_provider>
                  <health_professional_role code="PRF"
                                            codeSystem="2.16.840.1.113883.5.90"
                                            displayName="Performer"/>
               </health_professional>
            </contact_with>
            <start_date_time value="2019-02-06T17:03:00"/>
            <end_date_time value="2019-02-06T17:08:00"/>
            <contact_reason>
               <episode value="1826" root="2.16.840.1.113883.2.4.6.6.90000258.4.6"/>
            </contact_reason>
         </encounter>
      </encounters_response>
   </data>
</adaxml>
