<!--Generated from HL7v3 REPC_IN990111NL instance with: <id extension="3190bcf8-2aae-4025-bc4c-f1b98af64072" root="2.16.840.1.113883.2.4.6.6.1.1"/>-->
<adaxml xmlns:xsi="http://www.w3.org/2001/XMLSchema-instance"
        xsi:noNamespaceSchemaLocation="../ada_schemas/ada_episodes_response.xsd">
   <meta status="new"
         created-by="generated"
         last-update-by="generated"
         creation-date="2024-03-08T09:49:25.845188+01:00"
         last-update-date="2024-03-08T09:49:25.845188+01:00"/>
   <data>
      <episodes_response app="ketenzorg3.0"
                         shortName="episodes_response"
                         formName="episodes_response"
                         transactionRef="2.16.840.1.113883.2.4.3.11.60.66.4.529"
                         transactionEffectiveDate="2018-04-13T00:00:00"
                         versionDate=""
                         prefix="kz-"
                         language="en-US"
                         title="Generated Through Conversion"
                         id="c4651311-dd28-11ee-1414-020000000000">
         <bundle>
            <type code="75310-3"
                  codeSystem="2.16.840.1.113883.6.1"
                  codeSystemName="LOINC"
                  displayName="Health concerns"/>
            <status code="completed"
                    codeSystem="2.16.840.1.113883.5.14"
                    displayName="completed"/>
            <custodian>
               <healthcare_provider>
                  <healthcare_provider_identification_number value="02234567" root="2.16.528.1.1007.3.3"/>
                  <organization_name value="Bester"/>
               </healthcare_provider>
            </custodian>
            <subject>
               <patient>
                  <name_information>
                     <first_names value="Joris"/>
                     <name_usage code="UNK"
                                 codeSystem="2.16.840.1.113883.5.1008"
                                 displayName="Unknown"/>
                     <last_name>
                        <last_name value="Hansman"/>
                     </last_name>
                  </name_information>
                  <patient_identification_number value="012345672" root="2.16.840.1.113883.2.4.6.3"/>
                  <gender code="M" codeSystem="2.16.840.1.113883.5.1"/>
               </patient>
            </subject>
         </bundle>
         <episode>
            <identifier value="adbfb4cf-1736-41ff-9f55-140e008aa498"
                        root="2.16.528.1.1007.3.3.765332.1.12"/>
            <episode_title value="COPD"/>
            <status code="active"
                    codeSystem="2.16.840.1.113883.5.14"
                    displayName="active"/>
            <start_date value="2015-08-10"/>
            <problem>
               <hcimroot>
                  <identification_number value="c4543900-ee6f-44c6-ab71-315b29da078e"
                                         root="2.16.528.1.1007.3.3.765332.1.12"/>
               </hcimroot>
               <problem_type value="1"
                             code="282291009"
                             codeSystem="2.16.840.1.113883.6.96"
                             displayName="Diagnosis"/>
               <problem_name code="R95"
                             codeSystem="2.16.840.1.113883.2.4.4.31.1"
                             displayName="Emfyseem/COPD"/>
               <problem_start_date value="2015-08-10"/>
               <problem_status value="1"
                               code="55561003"
                               codeSystem="2.16.840.1.113883.6.96"
                               displayName="Active"/>
            </problem>
         </episode>
      </episodes_response>
   </data>
</adaxml>
