<!--Generated from HL7v3 MCCI_IN200101 instance with: <id extension="114605" root="2.16.840.1.113883.2.4.6.6.1.1.33"/>-->
<adaxml xmlns:xsi="http://www.w3.org/2001/XMLSchema-instance"
        xsi:noNamespaceSchemaLocation="../ada_schemas/ada_episodes_response.xsd">
   <meta status="new"
         created-by="generated"
         last-update-by="generated"
         creation-date="2024-03-08T09:49:25.853795+01:00"
         last-update-date="2024-03-08T09:49:25.853795+01:00"/>
   <data>
      <episodes_response app="ketenzorg3.0"
                         shortName="episodes_response"
                         formName="episodes_response"
                         transactionRef="2.16.840.1.113883.2.4.3.11.60.66.4.529"
                         transactionEffectiveDate="2018-04-13T00:00:00"
                         versionDate=""
                         prefix="kz-"
                         language="en-US"
                         title="Generated Through Conversion"
                         id="c466648d-dd28-11ee-9248-020000000000">
         <bundle>
            <type code="75310-3"
                  codeSystem="2.16.840.1.113883.6.1"
                  codeSystemName="LOINC"
                  displayName="Health concerns"/>
            <status code="completed"
                    codeSystem="2.16.840.1.113883.5.14"
                    displayName="completed"/>
            <custodian>
               <healthcare_provider>
                  <healthcare_provider_identification_number value="00002727" root="2.16.528.1.1007.3.3"/>
                  <organization_name value="Huisarts de Jong ZAB"/>
                  <address_information>
                     <place_of_residence value="Rotterdam"/>
                  </address_information>
               </healthcare_provider>
            </custodian>
            <subject>
               <patient>
                  <patient_identification_number value="900154858" root="2.16.840.1.113883.2.4.6.3"/>
               </patient>
            </subject>
         </bundle>
         <episode>
            <identifier value="hc657498ft562.9895" root="2.16.528.1.1007.3.3.765332.1.12"/>
            <episode_title value="Diabetes Mellitus type II"/>
            <status code="active"
                    codeSystem="2.16.840.1.113883.5.14"
                    displayName="active"/>
            <start_date value="2007-04-02"/>
            <problem>
               <hcimroot>
                  <identification_number value="po3564b7c0-2111" root="2.16.528.1.1007.3.3.765332.1.12"/>
               </hcimroot>
               <problem_type value="1"
                             code="282291009"
                             codeSystem="2.16.840.1.113883.6.96"
                             displayName="Diagnosis"/>
               <problem_name code="T90.02"
                             codeSystem="2.16.840.1.113883.2.4.4.31.1"
                             codeSystemName="ICPC-1-NL"
                             displayName="Diabetes Mellitus type II"/>
               <problem_start_date value="2007-04-02"/>
               <problem_status value="1"
                               code="55561003"
                               codeSystem="2.16.840.1.113883.6.96"
                               displayName="Active"/>
            </problem>
         </episode>
         <episode>
            <identifier value="hc657498ft562.9895" root="2.16.528.1.1007.3.3.765332.1.12"/>
            <episode_title value="Diabetes Mellitus type II"/>
            <status code="active"
                    codeSystem="2.16.840.1.113883.5.14"
                    displayName="active"/>
            <start_date value="2007-04-02"/>
            <problem>
               <hcimroot>
                  <identification_number value="po3564b7c0-2111" root="2.16.528.1.1007.3.3.765332.1.12"/>
               </hcimroot>
               <problem_type value="1"
                             code="282291009"
                             codeSystem="2.16.840.1.113883.6.96"
                             displayName="Diagnosis"/>
               <problem_name code="T90.02"
                             codeSystem="2.16.840.1.113883.2.4.4.31.1"
                             codeSystemName="ICPC-1-NL"
                             displayName="Diabetes Mellitus type II"/>
               <problem_start_date value="2007-04-02"/>
               <problem_status value="1"
                               code="55561003"
                               codeSystem="2.16.840.1.113883.6.96"
                               displayName="Active"/>
            </problem>
         </episode>
      </episodes_response>
      <episodes_response app="ketenzorg3.0"
                         shortName="episodes_response"
                         formName="episodes_response"
                         transactionRef="2.16.840.1.113883.2.4.3.11.60.66.4.529"
                         transactionEffectiveDate="2018-04-13T00:00:00"
                         versionDate=""
                         prefix="kz-"
                         language="en-US"
                         title="Generated Through Conversion"
                         id="c4666524-dd28-11ee-9248-020000000000">
         <bundle>
            <type code="75310-3"
                  codeSystem="2.16.840.1.113883.6.1"
                  codeSystemName="LOINC"
                  displayName="Health concerns"/>
            <status code="completed"
                    codeSystem="2.16.840.1.113883.5.14"
                    displayName="completed"/>
            <custodian>
               <healthcare_provider>
                  <healthcare_provider_identification_number value="00003131" root="2.16.528.1.1007.3.3"/>
                  <organization_name value="Huisarts Prins ZAB"/>
                  <address_information>
                     <place_of_residence value="Rotterdam"/>
                  </address_information>
               </healthcare_provider>
            </custodian>
            <subject>
               <patient>
                  <patient_identification_number value="900154858" root="2.16.840.1.113883.2.4.6.3"/>
               </patient>
            </subject>
         </bundle>
         <episode>
            <identifier value="hc657498ft562.9895" root="2.16.528.1.1007.3.3.765332.1.12"/>
            <episode_title value="Diabetes Mellitus type II"/>
            <status code="active"
                    codeSystem="2.16.840.1.113883.5.14"
                    displayName="active"/>
            <start_date value="2007-04-02"/>
            <problem>
               <hcimroot>
                  <identification_number value="po3564b7c0-2111" root="2.16.528.1.1007.3.3.765332.1.12"/>
               </hcimroot>
               <problem_type value="1"
                             code="282291009"
                             codeSystem="2.16.840.1.113883.6.96"
                             displayName="Diagnosis"/>
               <problem_name code="T90.02"
                             codeSystem="2.16.840.1.113883.2.4.4.31.1"
                             codeSystemName="ICPC-1-NL"
                             displayName="Diabetes Mellitus type II"/>
               <problem_start_date value="2007-04-02"/>
               <problem_status value="1"
                               code="55561003"
                               codeSystem="2.16.840.1.113883.6.96"
                               displayName="Active"/>
            </problem>
         </episode>
         <episode>
            <identifier value="hc657498ft562.9895" root="2.16.528.1.1007.3.3.765332.1.12"/>
            <episode_title value="Diabetes Mellitus type II"/>
            <status code="active"
                    codeSystem="2.16.840.1.113883.5.14"
                    displayName="active"/>
            <start_date value="2007-04-02"/>
            <problem>
               <hcimroot>
                  <identification_number value="po3564b7c0-2111" root="2.16.528.1.1007.3.3.765332.1.12"/>
               </hcimroot>
               <problem_type value="1"
                             code="282291009"
                             codeSystem="2.16.840.1.113883.6.96"
                             displayName="Diagnosis"/>
               <problem_name code="T90.02"
                             codeSystem="2.16.840.1.113883.2.4.4.31.1"
                             codeSystemName="ICPC-1-NL"
                             displayName="Diabetes Mellitus type II"/>
               <problem_start_date value="2007-04-02"/>
               <problem_status value="1"
                               code="55561003"
                               codeSystem="2.16.840.1.113883.6.96"
                               displayName="Active"/>
            </problem>
         </episode>
      </episodes_response>
   </data>
</adaxml>
