<!--Generated from HL7v3 REPC_IN990131NL instance with: <id extension="3190bcf8-2aae-4025-bc4c-f1b98af64072" root="2.16.840.1.113883.2.4.6.6.1.1"/>-->
<adaxml xmlns:xsi="http://www.w3.org/2001/XMLSchema-instance"
        xsi:noNamespaceSchemaLocation="../ada_schemas/ada_allergyintolerances_response.xsd">
   <meta status="new"
         created-by="generated"
         last-update-by="generated"
         creation-date="2024-11-14T23:45:56.908034+01:00"
         last-update-date="2024-11-14T23:45:56.908034+01:00"/>
   <data>
      <allergyintolerances_response app="ketenzorg3.0"
                                    shortName="allergyintolerances_response"
                                    formName="allergyintolerances_response"
                                    transactionRef="2.16.840.1.113883.2.4.3.11.60.66.4.535"
                                    transactionEffectiveDate="2018-04-13T00:00:00"
                                    versionDate=""
                                    prefix="kz-"
                                    language="en-US"
                                    title="Generated Through Conversion"
                                    id="3648bb7f-a2da-11ef-1875-020000000000">
         <bundle>
            <type code="48765-2"
                  codeSystem="2.16.840.1.113883.6.1"
                  codeSystemName="LOINC"
                  displayName="Allergies and/or adverse reactions"/>
            <status code="completed"
                    codeSystem="2.16.840.1.113883.5.14"
                    displayName="completed"/>
            <custodian>
               <healthcare_provider>
                  <healthcare_provider_identification_number value="01001234" root="2.16.840.1.113883.2.4.6.1"/>
                  <healthcare_provider_identification_number value="02234567" root="2.16.528.1.1007.3.3"/>
                  <organization_name value="Bester"/>
               </healthcare_provider>
            </custodian>
            <subject>
               <patient>
                  <name_information>
                     <first_names value="Joris"/>
                     <name_usage code="UNK"
                                 codeSystem="2.16.840.1.113883.5.1008"
                                 displayName="Unknown"/>
                     <last_name>
                        <last_name value="Hansman"/>
                     </last_name>
                  </name_information>
                  <patient_identification_number value="012345672" root="2.16.840.1.113883.2.4.6.3"/>
                  <gender code="M" codeSystem="2.16.840.1.113883.5.1"/>
               </patient>
            </subject>
         </bundle>
         <allergy_intolerance>
            <hcimroot>
               <identification_number value="66935281-de15-4033-9be4-a4127812dd95"
                                      root="2.16.528.1.1007.3.3.765332.1.12"/>
            </hcimroot>
            <causative_agent code="OTH"
                             codeSystem="2.16.840.1.113883.5.1008"
                             displayName="overig"
                             originalText="Amoxicilline"/>
            <allergy_category code="419199007"
                              codeSystem="2.16.840.1.113883.6.96"
                              displayName="Allergy to substance"/>
            <allergy_status code="active"
                            codeSystem="2.16.840.1.113883.5.14"
                            displayName="active"/>
            <start_date_time value="2015-03-04"/>
            <comment value="via de neuroloog"/>
         </allergy_intolerance>
      </allergyintolerances_response>
   </data>
</adaxml>
