<!--Generated from HL7v3 REPC_IN990131NL instance with: <id root="2.16.840.1.113883.2.4.3.39.6101.90000381.90000012.1" extension="77038"/>-->
<adaxml xmlns:xsi="http://www.w3.org/2001/XMLSchema-instance"
        xsi:noNamespaceSchemaLocation="../ada_schemas/ada_allergyintolerances_response.xsd">
   <meta status="new"
         created-by="generated"
         last-update-by="generated"
         creation-date="2023-10-03T20:31:08.075842+02:00"
         last-update-date="2023-10-03T20:31:08.075842+02:00"/>
   <data>
      <allergyintolerances_response app="ketenzorg3.0"
                                    shortName="allergyintolerances_response"
                                    formName="allergyintolerances_response"
                                    transactionRef="2.16.840.1.113883.2.4.3.11.60.66.4.535"
                                    transactionEffectiveDate="2018-04-13T00:00:00"
                                    versionDate=""
                                    prefix="kz-"
                                    language="en-US"
                                    title="Generated Through Conversion"
                                    id="04e42c52-621b-11ee-1588-020000000000">
         <bundle>
            <type code="48765-2"
                  codeSystem="2.16.840.1.113883.6.1"
                  codeSystemName="LOINC"
                  displayName="Allergies and/or adverse reactions"/>
            <status code="completed"
                    codeSystem="2.16.840.1.113883.5.14"
                    displayName="completed"/>
            <custodian>
               <healthcare_provider>
                  <healthcare_provider_identification_number value="90000381" root="2.16.528.1.1007.3.3"/>
                  <organization_name value="CGM praktijk op ststect6"/>
               </healthcare_provider>
            </custodian>
            <subject>
               <patient>
                  <name_information>
                     <given_name value="Victoria"/>
                     <name_usage code="NL1"
                                 codeSystem="2.16.840.1.113883.2.4.3.11.60.101.5.4"
                                 displayName="Eigen geslachtsnaam"/>
                     <last_name>
                        <last_name value="Ketenzorg-Acceptatie"/>
                     </last_name>
                  </name_information>
                  <address_information>
                     <street value="Knolweg"/>
                     <house_number value="2"/>
                     <postcode value="9999 ZZ"/>
                     <place_of_residence value="Stitswerd"/>
                     <address_type code="HP"
                                   codeSystem="2.16.840.1.113883.5.1119"
                                   displayName="Primary Home"/>
                  </address_information>
                  <patient_identification_number value="999901163" root="2.16.840.1.113883.2.4.6.3"/>
                  <date_of_birth value="1983-06-05"/>
                  <gender code="F" codeSystem="2.16.840.1.113883.5.1" displayName="Female"/>
               </patient>
            </subject>
         </bundle>
         <allergy_intolerance>
            <hcimroot>
               <identification_number value="0000029204000000573"
                                      root="2.16.840.1.113883.2.4.3.39.6101.90000381.90000012.17"/>
               <author>
                  <health_professional>
                     <health_professional_identification_number value="900021032" root="2.16.528.1.1007.3.1"/>
                     <name_information>
                        <unstructured_name value="Waarnemend Huisarts 2"/>
                        <last_name>
                           <last_name nullFlavor="NI"/>
                        </last_name>
                     </name_information>
                     <specialty code="01.004"
                                codeSystem="2.16.840.1.113883.2.4.15.111"
                                displayName="ApotheekhoudendeHuisarts"/>
                     <address_information>
                        <street value="Ettensebaan"/>
                        <house_number value="15"/>
                        <postcode value="4812 XA"/>
                        <place_of_residence value="Breda"/>
                        <country code="NL" codeSystem="1.0.3166.1.2.2" displayName="Nederland"/>
                        <address_type code="WP"
                                      codeSystem="2.16.840.1.113883.5.1119"
                                      displayName="Work Place"/>
                     </address_information>
                     <contact_information>
                        <telephone_numbers>
                           <telephone_number value="+31434074766"/>
                           <telecom_type code="UNK"
                                         codeSystem="2.16.840.1.113883.5.1008"
                                         displayName="unknown"/>
                        </telephone_numbers>
                     </contact_information>
                     <healthcare_provider>
                        <healthcare_provider_identification_number value="90000381" root="2.16.528.1.1007.3.3"/>
                        <organization_name value="CGM praktijk op ststect6"/>
                        <address_information>
                           <place_of_residence value="Maastricht"/>
                        </address_information>
                     </healthcare_provider>
                  </health_professional>
               </author>
            </hcimroot>
            <causative_agent code="57"
                             codeSystem="2.16.840.1.113883.2.4.4.1.902.122"
                             displayName="AMOXICILLINE/AMPICILLINE"/>
            <allergy_category code="419511003"
                              codeSystem="2.16.840.1.113883.6.96"
                              displayName="Propensity to adverse reactions to drug"/>
            <allergy_status code="active"
                            codeSystem="2.16.840.1.113883.5.14"
                            displayName="active"/>
            <start_date_time value="2017-08-20"/>
         </allergy_intolerance>
         <allergy_intolerance>
            <hcimroot>
               <identification_number value="0000029207000000073"
                                      root="2.16.840.1.113883.2.4.3.39.6101.90000381.90000012.9"/>
               <author>
                  <health_professional>
                     <health_professional_identification_number value="900021032" root="2.16.528.1.1007.3.1"/>
                     <name_information>
                        <unstructured_name value="Waarnemend Huisarts 2"/>
                        <last_name>
                           <last_name nullFlavor="NI"/>
                        </last_name>
                     </name_information>
                     <specialty code="01.004"
                                codeSystem="2.16.840.1.113883.2.4.15.111"
                                displayName="ApotheekhoudendeHuisarts"/>
                     <address_information>
                        <street value="Ettensebaan"/>
                        <house_number value="15"/>
                        <postcode value="4812 XA"/>
                        <place_of_residence value="Breda"/>
                        <country code="NL" codeSystem="1.0.3166.1.2.2" displayName="Nederland"/>
                        <address_type code="WP"
                                      codeSystem="2.16.840.1.113883.5.1119"
                                      displayName="Work Place"/>
                     </address_information>
                     <contact_information>
                        <telephone_numbers>
                           <telephone_number value="+31434074766"/>
                           <telecom_type code="UNK"
                                         codeSystem="2.16.840.1.113883.5.1008"
                                         displayName="unknown"/>
                        </telephone_numbers>
                     </contact_information>
                     <healthcare_provider>
                        <healthcare_provider_identification_number value="90000381" root="2.16.528.1.1007.3.3"/>
                        <organization_name value="CGM praktijk op ststect6"/>
                        <address_information>
                           <place_of_residence value="Maastricht"/>
                        </address_information>
                     </healthcare_provider>
                  </health_professional>
               </author>
            </hcimroot>
            <causative_agent code="7"
                             codeSystem="2.16.840.1.113883.2.4.4.1.902.122"
                             displayName="BENZODIAZEPINEAGONISTEN"/>
            <allergy_category code="419511003"
                              codeSystem="2.16.840.1.113883.6.96"
                              displayName="Propensity to adverse reactions to drug"/>
            <allergy_status code="active"
                            codeSystem="2.16.840.1.113883.5.14"
                            displayName="active"/>
            <start_date_time value="2006-05-01"/>
         </allergy_intolerance>
         <allergy_intolerance>
            <hcimroot>
               <identification_number value="0000029209000080522"
                                      root="2.16.840.1.113883.2.4.3.39.6101.90000381.90000012.17"/>
               <author>
                  <health_professional>
                     <health_professional_identification_number value="900021032" root="2.16.528.1.1007.3.1"/>
                     <name_information>
                        <unstructured_name value="Waarnemend Huisarts 2"/>
                        <last_name>
                           <last_name nullFlavor="NI"/>
                        </last_name>
                     </name_information>
                     <specialty code="01.004"
                                codeSystem="2.16.840.1.113883.2.4.15.111"
                                displayName="ApotheekhoudendeHuisarts"/>
                     <address_information>
                        <street value="Ettensebaan"/>
                        <house_number value="15"/>
                        <postcode value="4812 XA"/>
                        <place_of_residence value="Breda"/>
                        <country code="NL" codeSystem="1.0.3166.1.2.2" displayName="Nederland"/>
                        <address_type code="WP"
                                      codeSystem="2.16.840.1.113883.5.1119"
                                      displayName="Work Place"/>
                     </address_information>
                     <contact_information>
                        <telephone_numbers>
                           <telephone_number value="+31434074766"/>
                           <telecom_type code="UNK"
                                         codeSystem="2.16.840.1.113883.5.1008"
                                         displayName="unknown"/>
                        </telephone_numbers>
                     </contact_information>
                     <healthcare_provider>
                        <healthcare_provider_identification_number value="90000381" root="2.16.528.1.1007.3.3"/>
                        <organization_name value="CGM praktijk op ststect6"/>
                        <address_information>
                           <place_of_residence value="Maastricht"/>
                        </address_information>
                     </healthcare_provider>
                  </health_professional>
               </author>
            </hcimroot>
            <causative_agent code="90000001"
                             codeSystem="2.16.840.1.113883.2.4.4.7"
                             displayName="DICLOFENAC NATRIUM SANDOZ RETARD TABLET MGA 100MG"/>
            <allergy_category code="419511003"
                              codeSystem="2.16.840.1.113883.6.96"
                              displayName="Propensity to adverse reactions to drug"/>
            <allergy_status code="active"
                            codeSystem="2.16.840.1.113883.5.14"
                            displayName="active"/>
            <start_date_time value="2021-04-30"/>
         </allergy_intolerance>
      </allergyintolerances_response>
   </data>
</adaxml>
