<?xml-model href="http://hl7.org/fhir/STU3/bundle.sch" type="application/xml" schematypens="http://purl.oclc.org/dsdl/schematron"?><Bundle xmlns="http://hl7.org/fhir"
        xmlns:xsi="http://www.w3.org/2001/XMLSchema-instance"
        xsi:schemaLocation="http://hl7.org/fhir http://hl7.org/fhir/STU3/fhir-all.xsd">
   <id value="061f6f00-621b-11ee-6481-020000000000"/>
   <type value="searchset"/>
   <total value="1"/>
   <link>
      <relation value="self"/>
      <url value="http://dummy.nictiz.nl/dummyquery"/>
   </link>
   <entry>
      <fullUrl value="https://example.org/fhir/EpisodeOfCare/2.16.840.1.113883.2.4.3.111.19.1-MedMijHG-concern-S74.01"/>
      <resource>
         <EpisodeOfCare>
            <id value="2.16.840.1.113883.2.4.3.111.19.1-MedMijHG-concern-S74.01"/>
            <meta>
               <profile value="http://fhir.nl/fhir/StructureDefinition/nl-core-episodeofcare"/>
            </meta>
            <text>
               <status value="extensions"/>
               <div xmlns="http://www.w3.org/1999/xhtml">
                  <table>
                     <caption>Zorgepisode. Patiënt: H. XXX_Mulders. Id: MedMijHG-concern-S74.01 (urn:oid:2.16.840.1.113883.2.4.3.111.19.1), Status: actief</caption>
                     <tbody>
                        <tr>
                           <th>Type</th>
                           <td>
                              <span title="aandoening (64572001 - SNOMED CT)">aandoening</span>
                              <div>Tinea Pedis</div>
                           </td>
                        </tr>
                        <tr>
                           <th>Periode</th>
                           <td>Vanaf 00:40:00, 1 januari 1900</td>
                        </tr>
                        <tr>
                           <th>Zorgmanager</th>
                           <td>
                              <a href="https://example.org/fhir/Organization/2.16.528.1.1007.3.3-00002727">Gezondheidscentrum Aesculaap</a>
                           </td>
                        </tr>
                        <tr>
                           <th>Diagnose</th>
                           <td>Tinea Pedis</td>
                        </tr>
                     </tbody>
                  </table>
               </div>
            </text>
            <extension url="http://nictiz.nl/fhir/StructureDefinition/EpisodeOfCare-Title">
               <valueString value="Tinea Pedis"/>
            </extension>
            <identifier>
               <system value="urn:oid:2.16.840.1.113883.2.4.3.111.19.1"/>
               <value value="MedMijHG-concern-S74.01"/>
            </identifier>
            <status value="active">
               <extension url="http://nictiz.nl/fhir/StructureDefinition/code-specification">
                  <valueCodeableConcept>
                     <coding>
                        <system value="http://hl7.org/fhir/v3/ActStatus"/>
                        <code value="active"/>
                        <display value="active"/>
                     </coding>
                  </valueCodeableConcept>
               </extension>
            </status>
            <type>
               <coding>
                  <system value="http://snomed.info/sct"/>
                  <code value="64572001"/>
                  <display value="aandoening"/>
               </coding>
            </type>
            <diagnosis>
               <condition>
                  <reference value="urn:uuid:061f7b02-621b-11ee-6481-020000000000"/>
                  <display value="Tinea Pedis"/>
               </condition>
            </diagnosis>
            <patient>
               <reference value="urn:uuid:061f7aec-621b-11ee-6481-020000000000"/>
               <display value="H. XXX_Mulders"/>
            </patient>
            <managingOrganization>
               <reference value="https://example.org/fhir/Organization/2.16.528.1.1007.3.3-00002727"/>
               <display value="Gezondheidscentrum Aesculaap"/>
            </managingOrganization>
            <period>
               <start value="1900-01-01T00:40:00+01:00"/>
            </period>
         </EpisodeOfCare>
      </resource>
      <search>
         <mode value="match"/>
      </search>
   </entry>
   <entry>
      <fullUrl value="urn:uuid:061f7aec-621b-11ee-6481-020000000000"/>
      <resource>
         <Patient>
            <meta>
               <profile value="http://fhir.nl/fhir/StructureDefinition/nl-core-patient"/>
            </meta>
            <text>
               <status value="extensions"/>
               <div xmlns="http://www.w3.org/1999/xhtml">
                  <div>Id <i>afgeschermd (ontbrekend gegeven)</i> (BSN), <span title="Naamsamenstelling: Eigennaam">H. XXX_Mulders</span>, Man, 30 december 1985</div>
                  <div>Knolweg 1003, 9999ZA STITSWERD, NL</div>
               </div>
            </text>
            <identifier>
               <system value="http://fhir.nl/fhir/NamingSystem/bsn"/>
               <value>
                  <extension url="http://hl7.org/fhir/StructureDefinition/data-absent-reason">
                     <valueCode value="masked"/>
                  </extension>
               </value>
            </identifier>
            <name>
               <extension url="http://hl7.org/fhir/StructureDefinition/humanname-assembly-order">
                  <valueCode value="NL1"/>
               </extension>
               <family value="XXX_Mulders">
                  <extension url="http://hl7.org/fhir/StructureDefinition/humanname-own-name">
                     <valueString value="XXX_Mulders"/>
                  </extension>
               </family>
               <given value="H.">
                  <extension url="http://hl7.org/fhir/StructureDefinition/iso21090-EN-qualifier">
                     <valueCode value="IN"/>
                  </extension>
               </given>
            </name>
            <gender value="male">
               <extension url="http://nictiz.nl/fhir/StructureDefinition/code-specification">
                  <valueCodeableConcept>
                     <coding>
                        <system value="http://hl7.org/fhir/v3/AdministrativeGender"/>
                        <code value="M"/>
                        <display value="man"/>
                     </coding>
                  </valueCodeableConcept>
               </extension>
            </gender>
            <birthDate value="1985-12-30"/>
            <address>
               <line value="Knolweg 1003">
                  <extension url="http://hl7.org/fhir/StructureDefinition/iso21090-ADXP-streetName">
                     <valueString value="Knolweg"/>
                  </extension>
                  <extension url="http://hl7.org/fhir/StructureDefinition/iso21090-ADXP-houseNumber">
                     <valueString value="1003"/>
                  </extension>
               </line>
               <city value="STITSWERD"/>
               <postalCode value="9999ZA"/>
               <country value="NL">
                  <extension url="http://nictiz.nl/fhir/StructureDefinition/code-specification">
                     <valueCodeableConcept>
                        <coding>
                           <system value="urn:iso:std:iso:3166"/>
                           <code value="NL"/>
                           <display value="Nederland"/>
                        </coding>
                     </valueCodeableConcept>
                  </extension>
               </country>
            </address>
         </Patient>
      </resource>
      <search>
         <mode value="include"/>
      </search>
   </entry>
   <entry>
      <fullUrl value="https://example.org/fhir/Organization/2.16.528.1.1007.3.3-00002727"/>
      <resource>
         <Organization>
            <id value="2.16.528.1.1007.3.3-00002727"/>
            <meta>
               <profile value="http://fhir.nl/fhir/StructureDefinition/nl-core-organization"/>
            </meta>
            <text>
               <status value="extensions"/>
               <div xmlns="http://www.w3.org/1999/xhtml">
                  <table>
                     <caption>Organisatie. Id: 00002727 (URA)</caption>
                     <tbody>
                        <tr>
                           <th>Naam</th>
                           <td>Gezondheidscentrum Aesculaap</td>
                        </tr>
                     </tbody>
                  </table>
               </div>
            </text>
            <identifier>
               <system value="http://fhir.nl/fhir/NamingSystem/ura"/>
               <value value="00002727"/>
            </identifier>
            <name value="Gezondheidscentrum Aesculaap"/>
         </Organization>
      </resource>
      <search>
         <mode value="include"/>
      </search>
   </entry>
   <entry>
      <fullUrl value="urn:uuid:061f7b02-621b-11ee-6481-020000000000"/>
      <resource>
         <Condition>
            <meta>
               <profile value="http://nictiz.nl/fhir/StructureDefinition/zib-Problem"/>
            </meta>
            <text>
               <status value="extensions"/>
               <div xmlns="http://www.w3.org/1999/xhtml">
                  <table>
                     <caption>Aandoening. Subject: H. XXX_Mulders. Id: MedMijHG-concern-S74.01-diagnose (urn:oid:2.16.840.1.113883.2.4.3.111.19.1), Categorie: <span title="Diagnosis (282291009 - SNOMED CT)">Diagnosis</span>, Status: actief</caption>
                     <tbody>
                        <tr>
                           <th>Code</th>
                           <td>
                              <span title="Tinea Pedis (S74.01 - sid/icpc-1-nl)">Tinea Pedis</span>
                           </td>
                        </tr>
                        <tr>
                           <th>Eerste symptomen</th>
                           <td>Vanaf 14:12:29, 24 september 2019</td>
                        </tr>
                     </tbody>
                  </table>
               </div>
            </text>
            <identifier>
               <system value="urn:oid:2.16.840.1.113883.2.4.3.111.19.1"/>
               <value value="MedMijHG-concern-S74.01-diagnose"/>
            </identifier>
            <clinicalStatus value="active">
               <extension url="http://nictiz.nl/fhir/StructureDefinition/code-specification">
                  <valueCodeableConcept>
                     <coding>
                        <system value="http://snomed.info/sct"/>
                        <code value="55561003"/>
                        <display value="Active"/>
                     </coding>
                  </valueCodeableConcept>
               </extension>
            </clinicalStatus>
            <category>
               <coding>
                  <system value="http://snomed.info/sct"/>
                  <code value="282291009"/>
                  <display value="Diagnosis"/>
               </coding>
            </category>
            <code>
               <coding>
                  <system value="http://hl7.org/fhir/sid/icpc-1-nl"/>
                  <code value="S74.01"/>
                  <display value="Tinea Pedis"/>
               </coding>
            </code>
            <subject>
               <reference value="urn:uuid:061f7aec-621b-11ee-6481-020000000000"/>
               <display value="H. XXX_Mulders"/>
            </subject>
            <onsetPeriod>
               <start value="2019-09-24T14:12:29+02:00"/>
            </onsetPeriod>
         </Condition>
      </resource>
      <search>
         <mode value="include"/>
      </search>
   </entry>
</Bundle>
