<?xml-model href="http://hl7.org/fhir/STU3/bundle.sch" type="application/xml" schematypens="http://purl.oclc.org/dsdl/schematron"?>
<Bundle xsi:schemaLocation="http://hl7.org/fhir http://hl7.org/fhir/STU3/fhir-all.xsd"
        xmlns:xsi="http://www.w3.org/2001/XMLSchema-instance"
        xmlns="http://hl7.org/fhir">
   <id value="532df8f2-351f-11ef-7430-020000000000"/>
   <type value="searchset"/>
   <total value="4"/>
   <link>
      <relation value="self"/>
      <url value="https://example.org/fhir/Bundle"/>
   </link>
   <entry>
      <fullUrl value="https://example.org/fhir/Flag/2.16.840.1.113883.2.4.6.6.90000258.4.8-43316"/>
      <resource>
         <Flag>
            <id value="2.16.840.1.113883.2.4.6.6.90000258.4.8-43316"/>
            <meta>
               <profile value="http://nictiz.nl/fhir/StructureDefinition/zib-Alert"/>
            </meta>
            <text>
               <status value="extensions"/>
               <div xmlns="http://www.w3.org/1999/xhtml">
                  <table>
                     <caption>Attentievlag. Subject: E. XXX_Zegers. Id: 43316 (urn:oid:2.16.840.1.113883.2.4.6.6.90000258.4.8), Categorie: 
<span title="Alert (74018-3 - LOINC)">Alert</span>, Status: actief</caption>
                     <tbody>
                        <tr>
                           <th>Categorie</th>
                           <td>
                              <span title="Alert (74018-3 - LOINC)">Alert</span>
                           </td>
                        </tr>
                        <tr>
                           <th>Code</th>
                           <td>
                              <span title="VERKEERSDEELNAME (219 - G-Standaard Tabel 40)">VERKEERSDEELNAME</span>
                           </td>
                        </tr>
                     </tbody>
                  </table>
               </div>
            </text>
            <identifier>
               <system value="urn:oid:2.16.840.1.113883.2.4.6.6.90000258.4.8"/>
               <value value="43316"/>
            </identifier>
            <status value="active"/>
            <category>
               <coding>
                  <system value="http://loinc.org"/>
                  <code value="74018-3"/>
                  <display value="Alert"/>
               </coding>
            </category>
            <code>
               <coding>
                  <system value="urn:oid:2.16.840.1.113883.2.4.4.1.902.40"/>
                  <code value="219"/>
                  <display value="VERKEERSDEELNAME"/>
               </coding>
            </code>
            <subject>
               <reference value="urn:uuid:532df7a5-351f-11ef-7430-020000000000"/>
               <display value="E. XXX_Zegers"/>
            </subject>
         </Flag>
      </resource>
      <search>
         <mode value="match"/>
      </search>
   </entry>
   <entry>
      <fullUrl value="https://example.org/fhir/Flag/2.16.840.1.113883.2.4.6.6.90000258.4.8-43554"/>
      <resource>
         <Flag>
            <id value="2.16.840.1.113883.2.4.6.6.90000258.4.8-43554"/>
            <meta>
               <profile value="http://nictiz.nl/fhir/StructureDefinition/zib-Alert"/>
            </meta>
            <text>
               <status value="extensions"/>
               <div xmlns="http://www.w3.org/1999/xhtml">
                  <table>
                     <caption>Attentievlag. Subject: E. XXX_Zegers. Id: 43554 (urn:oid:2.16.840.1.113883.2.4.6.6.90000258.4.8), Categorie: 
<span title="Alert (74018-3 - LOINC)">Alert</span>, Status: actief</caption>
                     <tbody>
                        <tr>
                           <th>Categorie</th>
                           <td>
                              <span title="Alert (74018-3 - LOINC)">Alert</span>
                           </td>
                        </tr>
                        <tr>
                           <th>Code</th>
                           <td>
                              <span title="HYPERTENSIE (18 - G-Standaard Tabel 40)">HYPERTENSIE</span>
                           </td>
                        </tr>
                     </tbody>
                  </table>
               </div>
            </text>
            <identifier>
               <system value="urn:oid:2.16.840.1.113883.2.4.6.6.90000258.4.8"/>
               <value value="43554"/>
            </identifier>
            <status value="active"/>
            <category>
               <coding>
                  <system value="http://loinc.org"/>
                  <code value="74018-3"/>
                  <display value="Alert"/>
               </coding>
            </category>
            <code>
               <coding>
                  <system value="urn:oid:2.16.840.1.113883.2.4.4.1.902.40"/>
                  <code value="18"/>
                  <display value="HYPERTENSIE"/>
               </coding>
            </code>
            <subject>
               <reference value="urn:uuid:532df7a5-351f-11ef-7430-020000000000"/>
               <display value="E. XXX_Zegers"/>
            </subject>
         </Flag>
      </resource>
      <search>
         <mode value="match"/>
      </search>
   </entry>
   <entry>
      <fullUrl value="https://example.org/fhir/Flag/2.16.840.1.113883.2.4.6.6.90000258.4.8-43608"/>
      <resource>
         <Flag>
            <id value="2.16.840.1.113883.2.4.6.6.90000258.4.8-43608"/>
            <meta>
               <profile value="http://nictiz.nl/fhir/StructureDefinition/zib-Alert"/>
            </meta>
            <text>
               <status value="extensions"/>
               <div xmlns="http://www.w3.org/1999/xhtml">
                  <table>
                     <caption>Attentievlag. Subject: E. XXX_Zegers. Id: 43608 (urn:oid:2.16.840.1.113883.2.4.6.6.90000258.4.8), Categorie: 
<span title="Alert (74018-3 - LOINC)">Alert</span>, Status: actief</caption>
                     <tbody>
                        <tr>
                           <th>Categorie</th>
                           <td>
                              <span title="Alert (74018-3 - LOINC)">Alert</span>
                           </td>
                        </tr>
                        <tr>
                           <th>Code</th>
                           <td>
                              <span title="COPD (1348 - G-Standaard Tabel 40)">COPD</span>
                           </td>
                        </tr>
                        <tr>
                           <th>Periode</th>
                           <td>Vanaf 30 januari 2019</td>
                        </tr>
                     </tbody>
                  </table>
               </div>
            </text>
            <extension url="http://nictiz.nl/fhir/StructureDefinition/extension-context-nl-core-episodeofcare">
               <valueReference>
                  <identifier>
                     <system value="urn:oid:2.16.840.1.113883.2.4.6.6.90000258.4.6"/>
                     <value value="1826"/>
                  </identifier>
                  <display value="Episode ID: 1826 2.16.840.1.113883.2.4.6.6.90000258.4.6"/>
               </valueReference>
            </extension>
            <identifier>
               <system value="urn:oid:2.16.840.1.113883.2.4.6.6.90000258.4.8"/>
               <value value="43608"/>
            </identifier>
            <status value="active"/>
            <category>
               <coding>
                  <system value="http://loinc.org"/>
                  <code value="74018-3"/>
                  <display value="Alert"/>
               </coding>
            </category>
            <code>
               <coding>
                  <system value="urn:oid:2.16.840.1.113883.2.4.4.1.902.40"/>
                  <code value="1348"/>
                  <display value="COPD"/>
               </coding>
            </code>
            <subject>
               <reference value="urn:uuid:532df7a5-351f-11ef-7430-020000000000"/>
               <display value="E. XXX_Zegers"/>
            </subject>
            <period>
               <start value="2019-01-30"/>
            </period>
         </Flag>
      </resource>
      <search>
         <mode value="match"/>
      </search>
   </entry>
   <entry>
      <fullUrl value="https://example.org/fhir/Flag/2.16.840.1.113883.2.4.6.6.90000258.4.8-43609"/>
      <resource>
         <Flag>
            <id value="2.16.840.1.113883.2.4.6.6.90000258.4.8-43609"/>
            <meta>
               <profile value="http://nictiz.nl/fhir/StructureDefinition/zib-Alert"/>
            </meta>
            <text>
               <status value="extensions"/>
               <div xmlns="http://www.w3.org/1999/xhtml">
                  <table>
                     <caption>Attentievlag. Subject: E. XXX_Zegers. Id: 43609 (urn:oid:2.16.840.1.113883.2.4.6.6.90000258.4.8), Categorie: 
<span title="Alert (74018-3 - LOINC)">Alert</span>, Status: actief</caption>
                     <tbody>
                        <tr>
                           <th>Categorie</th>
                           <td>
                              <span title="Alert (74018-3 - LOINC)">Alert</span>
                           </td>
                        </tr>
                        <tr>
                           <th>Code</th>
                           <td>
                              <span title="SPORTBEOEFENING (210 - G-Standaard Tabel 40)">SPORTBEOEFENING</span>
                           </td>
                        </tr>
                     </tbody>
                  </table>
               </div>
            </text>
            <identifier>
               <system value="urn:oid:2.16.840.1.113883.2.4.6.6.90000258.4.8"/>
               <value value="43609"/>
            </identifier>
            <status value="active"/>
            <category>
               <coding>
                  <system value="http://loinc.org"/>
                  <code value="74018-3"/>
                  <display value="Alert"/>
               </coding>
            </category>
            <code>
               <coding>
                  <system value="urn:oid:2.16.840.1.113883.2.4.4.1.902.40"/>
                  <code value="210"/>
                  <display value="SPORTBEOEFENING"/>
               </coding>
            </code>
            <subject>
               <reference value="urn:uuid:532df7a5-351f-11ef-7430-020000000000"/>
               <display value="E. XXX_Zegers"/>
            </subject>
         </Flag>
      </resource>
      <search>
         <mode value="match"/>
      </search>
   </entry>
   <entry>
      <fullUrl value="urn:uuid:532df7a5-351f-11ef-7430-020000000000"/>
      <resource>
         <Patient>
            <meta>
               <profile value="http://fhir.nl/fhir/StructureDefinition/nl-core-patient"/>
            </meta>
            <text>
               <status value="extensions"/>
               <div xmlns="http://www.w3.org/1999/xhtml">
                  <div>Id 
<i>afgeschermd (ontbrekend gegeven)</i> (BSN), 
<span title="Naamsamenstelling: Eigennaam">E. XXX_Zegers</span>, Vrouw, 2 augustus 1964</div>
                  <div>Knolweg 1001, 9999XX STITSWERD, NL (officieel Privé (hoofd) Bezoek)</div>
               </div>
            </text>
            <identifier>
               <system value="http://fhir.nl/fhir/NamingSystem/bsn"/>
               <value>
                  <extension url="http://hl7.org/fhir/StructureDefinition/data-absent-reason">
                     <valueCode value="masked"/>
                  </extension>
               </value>
            </identifier>
            <name>
               <extension url="http://hl7.org/fhir/StructureDefinition/humanname-assembly-order">
                  <valueCode value="NL1"/>
               </extension>
               <family value="XXX_Zegers">
                  <extension url="http://hl7.org/fhir/StructureDefinition/humanname-own-name">
                     <valueString value="XXX_Zegers"/>
                  </extension>
               </family>
               <given value="E.">
                  <extension url="http://hl7.org/fhir/StructureDefinition/iso21090-EN-qualifier">
                     <valueCode value="IN"/>
                  </extension>
               </given>
            </name>
            <gender value="female">
               <extension url="http://nictiz.nl/fhir/StructureDefinition/code-specification">
                  <valueCodeableConcept>
                     <coding>
                        <system value="http://hl7.org/fhir/v3/AdministrativeGender"/>
                        <code value="F"/>
                        <display value="vrouw"/>
                     </coding>
                  </valueCodeableConcept>
               </extension>
            </gender>
            <birthDate value="1964-08-02"/>
            <address>
               <extension url="http://nictiz.nl/fhir/StructureDefinition/zib-AddressInformation-AddressType">
                  <valueCodeableConcept>
                     <coding>
                        <system value="http://hl7.org/fhir/v3/AddressUse"/>
                        <code value="HP"/>
                        <display value="Officieel adres"/>
                     </coding>
                  </valueCodeableConcept>
               </extension>
               <extension url="http://fhir.nl/fhir/StructureDefinition/nl-core-address-official">
                  <valueBoolean value="true"/>
               </extension>
               <extension url="http://hl7.org/fhir/StructureDefinition/iso21090-AD-use">
                  <valueCode value="HP"/>
               </extension>
               <use value="home"/>
               <type value="physical"/>
               <line value="Knolweg 1001">
                  <extension url="http://hl7.org/fhir/StructureDefinition/iso21090-ADXP-streetName">
                     <valueString value="Knolweg"/>
                  </extension>
                  <extension url="http://hl7.org/fhir/StructureDefinition/iso21090-ADXP-houseNumber">
                     <valueString value="1001"/>
                  </extension>
               </line>
               <city value="STITSWERD"/>
               <postalCode value="9999XX"/>
               <country value="NL">
                  <extension url="http://nictiz.nl/fhir/StructureDefinition/code-specification">
                     <valueCodeableConcept>
                        <coding>
                           <system value="urn:iso:std:iso:3166"/>
                           <code value="NL"/>
                           <display value="Nederland"/>
                        </coding>
                     </valueCodeableConcept>
                  </extension>
               </country>
            </address>
         </Patient>
      </resource>
      <search>
         <mode value="include"/>
      </search>
   </entry>
   <entry>
      <fullUrl value="https://example.org/fhir/Organization/2.16.528.1.1007.3.3-00002727"/>
      <resource>
         <Organization>
            <id value="2.16.528.1.1007.3.3-00002727"/>
            <meta>
               <profile value="http://fhir.nl/fhir/StructureDefinition/nl-core-organization"/>
            </meta>
            <text>
               <status value="extensions"/>
               <div xmlns="http://www.w3.org/1999/xhtml">
                  <table>
                     <caption>Organisatie. Id: 00002727 (URA)</caption>
                     <tbody>
                        <tr>
                           <th>Naam</th>
                           <td>VZVZ Simulator</td>
                        </tr>
                        <tr>
                           <th>Contactgegevens</th>
                           <td>
                              <a href="tel:012-1234567">012-1234567</a> (Tel Werk)</td>
                        </tr>
                     </tbody>
                  </table>
               </div>
            </text>
            <identifier>
               <system value="http://fhir.nl/fhir/NamingSystem/ura"/>
               <value value="00002727"/>
            </identifier>
            <name value="VZVZ Simulator"/>
            <telecom>
               <system value="phone"/>
               <value value="012-1234567"/>
               <use value="work">
                  <extension url="http://nictiz.nl/fhir/StructureDefinition/code-specification">
                     <valueCodeableConcept>
                        <coding>
                           <system value="http://hl7.org/fhir/v3/AddressUse"/>
                           <code value="WP"/>
                           <display value="Work place"/>
                        </coding>
                     </valueCodeableConcept>
                  </extension>
               </use>
            </telecom>
         </Organization>
      </resource>
      <search>
         <mode value="include"/>
      </search>
   </entry>
</Bundle>